date,ticker,y_true,y_pred
2020-09-09,BBVA,2.517000,2.769768
2020-09-10,BBVA,2.514000,2.769362
2020-09-11,BBVA,2.435000,2.748628
2020-09-14,BBVA,2.490000,2.743955
2020-09-15,BBVA,2.413000,2.725161
2020-09-16,BBVA,2.429000,2.709597
2020-09-17,BBVA,2.418000,2.693654
2020-09-18,BBVA,2.311000,2.586709
2020-09-21,BBVA,2.164000,2.539328
2020-09-22,BBVA,2.160000,2.518642
2020-09-23,BBVA,2.169000,2.514669
2020-09-24,BBVA,2.284000,2.533577
2020-09-25,BBVA,2.292000,2.555022
2020-09-28,BBVA,2.384000,2.596529
2020-09-29,BBVA,2.331000,2.608821
2020-09-30,BBVA,2.372000,2.618446
2020-10-01,BBVA,2.377000,2.623488
2020-10-02,BBVA,2.378000,2.624121
2020-10-05,BBVA,2.404000,2.627001
2020-10-06,BBVA,2.477000,2.642061
2020-10-07,BBVA,2.413000,2.641394
2020-10-08,BBVA,2.435000,2.647799
2020-10-09,BBVA,2.390000,2.640815
2020-10-12,BBVA,2.352000,2.626890
2020-10-13,BBVA,2.258000,2.590998
2020-10-14,BBVA,2.268000,2.562918
2020-10-15,BBVA,2.257000,2.548118
2020-10-16,BBVA,2.334000,2.563612
2020-10-19,BBVA,2.356000,2.588266
2020-10-20,BBVA,2.428000,2.622271
2020-10-21,BBVA,2.394000,2.637506
2020-10-22,BBVA,2.427000,2.647183
2020-10-23,BBVA,2.495000,2.665887
2020-10-26,BBVA,2.436000,2.656720
2020-10-27,BBVA,2.406000,2.634992
2020-10-28,BBVA,2.366000,2.605390
2020-10-29,BBVA,2.339000,2.585807
2020-10-30,BBVA,2.462000,2.608686
2020-11-02,BBVA,2.499000,2.645524
2020-11-03,BBVA,2.631000,2.698908
2020-11-04,BBVA,2.456000,2.671901
2020-11-05,BBVA,2.560000,2.672049
2020-11-06,BBVA,2.486000,2.671414
2020-11-09,BBVA,2.900000,2.719599
2020-11-10,BBVA,3.091000,2.806247
2020-11-11,BBVA,3.143000,2.898726
2020-11-12,BBVA,3.090000,2.945247
2020-11-13,BBVA,3.174000,2.992283
2020-11-16,BBVA,3.658000,3.100352
2020-11-17,BBVA,3.497000,3.167431
2020-11-18,BBVA,3.511000,3.220789
2020-11-19,BBVA,3.572000,3.276103
2020-11-20,BBVA,3.599000,3.337307
2020-11-23,BBVA,3.630000,3.407393
2020-11-24,BBVA,3.776000,3.489738
2020-11-25,BBVA,3.785000,3.563058
2020-11-26,BBVA,3.770000,3.613591
2020-11-27,BBVA,3.958000,3.679573
2020-11-30,BBVA,3.930000,3.729364
2020-12-01,BBVA,4.005000,3.776438
2020-12-02,BBVA,4.080000,3.831625
2020-12-03,BBVA,4.078000,3.887519
2020-12-04,BBVA,4.304000,3.960631
2020-12-07,BBVA,4.200000,4.001332
2020-12-08,BBVA,4.155000,4.023613
2020-12-09,BBVA,4.155000,4.047734
2020-12-10,BBVA,4.054000,4.038831
2020-12-11,BBVA,3.971000,4.003356
2020-12-14,BBVA,4.028000,4.007899
2020-12-15,BBVA,4.099000,4.046688
2020-12-16,BBVA,4.056000,4.074351
2020-12-17,BBVA,4.059000,4.097021
2020-12-18,BBVA,4.054000,4.101474
2020-12-21,BBVA,3.881000,4.053969
2020-12-22,BBVA,3.966000,4.047693
2020-12-23,BBVA,4.081000,4.080983
2020-12-24,BBVA,4.100000,4.130346
2020-12-28,BBVA,4.078000,4.159084
2020-12-29,BBVA,4.068000,4.173789
2020-12-30,BBVA,4.074000,4.185364
2020-12-31,BBVA,4.035000,4.179776
2021-01-04,BBVA,4.078000,4.184110
2021-01-05,BBVA,4.074000,4.189268
2021-01-06,BBVA,4.309000,4.246466
2021-01-07,BBVA,4.352000,4.307019
2021-01-08,BBVA,4.276000,4.316841
2021-01-11,BBVA,4.251000,4.303353
2021-01-12,BBVA,4.256000,4.300008
2021-01-13,BBVA,4.196000,4.277536
2021-01-14,BBVA,4.174000,4.255489
2021-01-15,BBVA,4.088000,4.203444
2021-01-18,BBVA,4.140000,4.202016
2021-01-19,BBVA,4.022000,4.179618
2021-01-20,BBVA,4.051000,4.177400
2021-01-21,BBVA,4.035000,4.178993
2021-01-22,BBVA,4.002000,4.171011
2021-01-25,BBVA,3.887000,4.138938
2021-01-26,BBVA,3.944000,4.137581
2021-01-27,BBVA,3.835000,4.107898
2021-01-28,BBVA,3.941000,4.115878
2021-01-29,BBVA,3.767000,4.081546
2021-02-01,BBVA,3.758000,4.050875
2021-02-02,BBVA,3.984000,4.085121
2021-02-03,BBVA,4.016000,4.136596
2021-02-04,BBVA,4.317000,4.228572
2021-02-05,BBVA,4.421000,4.313587
2021-02-08,BBVA,4.489000,4.381880
2021-02-09,BBVA,4.378000,4.386752
2021-02-10,BBVA,4.394000,4.372290
2021-02-11,BBVA,4.382000,4.362887
2021-02-12,BBVA,4.400000,4.358272
2021-02-15,BBVA,4.566000,4.404340
2021-02-16,BBVA,4.507000,4.435308
2021-02-17,BBVA,4.448000,4.444417
2021-02-18,BBVA,4.449000,4.458969
2021-02-19,BBVA,4.505000,4.491504
2021-02-22,BBVA,4.474000,4.510790
2021-02-23,BBVA,4.590000,4.550205
2021-02-24,BBVA,4.630000,4.600283
2021-02-25,BBVA,4.704000,4.653668
2021-02-26,BBVA,4.603000,4.646852
2021-03-01,BBVA,4.610000,4.646147
2021-03-02,BBVA,4.563000,4.630462
2021-03-03,BBVA,4.699000,4.657429
2021-03-04,BBVA,4.673000,4.678272
2021-03-05,BBVA,4.703000,4.702315
2021-03-08,BBVA,4.800000,4.751296
2021-03-09,BBVA,4.712000,4.751456
2021-03-10,BBVA,4.650000,4.727412
2021-03-11,BBVA,4.674000,4.725105
2021-03-12,BBVA,4.775000,4.758969
2021-03-15,BBVA,4.699000,4.763761
2021-03-16,BBVA,4.674000,4.756984
2021-03-17,BBVA,4.771000,4.786522
2021-03-18,BBVA,4.864000,4.840199
2021-03-19,BBVA,4.678000,4.808897
2021-03-22,BBVA,4.317000,4.663828
2021-03-23,BBVA,4.337000,4.569494
2021-03-24,BBVA,4.395000,4.536746
2021-03-25,BBVA,4.356000,4.524510
2021-03-26,BBVA,4.433000,4.546610
2021-03-29,BBVA,4.367000,4.551749
2021-03-30,BBVA,4.499000,4.588755
2021-03-31,BBVA,4.426000,4.602920
2021-04-01,BBVA,4.445500,4.616241
2021-04-06,BBVA,4.526500,4.646193
2021-04-07,BBVA,4.518000,4.663002
2021-04-08,BBVA,4.538500,4.674379
2021-04-09,BBVA,4.431000,4.648784
2021-04-12,BBVA,4.477000,4.636245
2021-04-13,BBVA,4.421000,4.618737
2021-04-14,BBVA,4.485500,4.625068
2021-04-15,BBVA,4.337500,4.593728
2021-04-16,BBVA,4.362500,4.568114
2021-04-19,BBVA,4.513500,4.595818
2021-04-20,BBVA,4.312500,4.569679
2021-04-21,BBVA,4.285500,4.529474
2021-04-22,BBVA,4.400500,4.536159
2021-04-23,BBVA,4.333000,4.533343
2021-04-26,BBVA,4.478500,4.563477
2021-04-27,BBVA,4.485000,4.588728
2021-04-28,BBVA,4.492500,4.606612
2021-04-29,BBVA,4.550500,4.632110
2021-04-30,BBVA,4.670500,4.675175
2021-05-03,BBVA,4.676000,4.711877
2021-05-04,BBVA,4.665000,4.722103
2021-05-05,BBVA,4.772500,4.755073
2021-05-06,BBVA,4.806500,4.787808
2021-05-07,BBVA,4.821500,4.811585
2021-05-10,BBVA,4.928000,4.855230
2021-05-11,BBVA,4.909000,4.878220
2021-05-12,BBVA,4.903000,4.885625
2021-05-13,BBVA,4.892000,4.884097
2021-05-14,BBVA,5.028000,4.923625
2021-05-17,BBVA,5.008000,4.952650
2021-05-18,BBVA,5.125000,5.002489
2021-05-19,BBVA,4.995500,4.981621
2021-05-20,BBVA,5.003000,4.973691
2021-05-21,BBVA,5.121000,5.010076
2021-05-24,BBVA,5.100000,5.041408
2021-05-25,BBVA,5.110000,5.071859
2021-05-26,BBVA,5.084000,5.080206
2021-05-27,BBVA,5.143000,5.103964
2021-05-28,BBVA,5.126000,5.126110
2021-05-31,BBVA,5.136000,5.150141
2021-06-01,BBVA,5.226000,5.193786
2021-06-02,BBVA,5.249000,5.223557
2021-06-03,BBVA,5.286000,5.255758
2021-06-04,BBVA,5.217000,5.236432
2021-06-07,BBVA,5.328000,5.255801
2021-06-08,BBVA,5.313000,5.274182
2021-06-09,BBVA,5.265000,5.261982
2021-06-10,BBVA,5.273000,5.261385
2021-06-11,BBVA,5.246000,5.256253
2021-06-14,BBVA,5.343000,5.291007
2021-06-15,BBVA,5.370000,5.333663
2021-06-16,BBVA,5.309000,5.335552
2021-06-17,BBVA,5.397000,5.363316
2021-06-18,BBVA,5.222000,5.291922
2021-06-21,BBVA,5.238000,5.253574
2021-06-22,BBVA,5.278000,5.267642
2021-06-23,BBVA,5.270000,5.292494
2021-06-24,BBVA,5.330000,5.336285
2021-06-25,BBVA,5.431000,5.405246
2021-06-28,BBVA,5.277000,5.388466
2021-06-29,BBVA,5.292000,5.374603
2021-06-30,BBVA,5.228000,5.338278
2021-07-01,BBVA,5.409000,5.383074
2021-07-02,BBVA,5.295000,5.383994
2021-07-05,BBVA,5.429000,5.420922
2021-07-06,BBVA,5.284000,5.404508
2021-07-07,BBVA,5.220000,5.366808
2021-07-08,BBVA,5.049000,5.289810
2021-07-09,BBVA,5.227000,5.294031
2021-07-12,BBVA,5.258000,5.318033
2021-07-13,BBVA,5.148000,5.308736
2021-07-14,BBVA,5.170000,5.302853
2021-07-15,BBVA,5.196000,5.312386
2021-07-16,BBVA,5.090000,5.287241
2021-07-19,BBVA,4.914000,5.214162
2021-07-20,BBVA,5.026000,5.192868
2021-07-21,BBVA,5.224000,5.243833
2021-07-22,BBVA,5.251000,5.300320
2021-07-23,BBVA,5.366000,5.365162
2021-07-26,BBVA,5.480000,5.427240
2021-07-27,BBVA,5.443000,5.453339
2021-07-28,BBVA,5.372000,5.438059
2021-07-29,BBVA,5.412000,5.433470
2021-07-30,BBVA,5.411000,5.424605
2021-08-02,BBVA,5.450000,5.430558
2021-08-03,BBVA,5.570000,5.480353
2021-08-04,BBVA,5.664000,5.552210
2021-08-05,BBVA,5.653000,5.597655
2021-08-06,BBVA,5.762000,5.653682
2021-08-09,BBVA,5.760000,5.693106
2021-08-10,BBVA,5.826000,5.728603
2021-08-11,BBVA,5.905000,5.769582
2021-08-12,BBVA,5.889000,5.792292
2021-08-13,BBVA,5.861000,5.792352
2021-08-16,BBVA,5.816000,5.771460
2021-08-17,BBVA,5.673000,5.698281
2021-08-18,BBVA,5.795000,5.695585
2021-08-19,BBVA,5.589000,5.640036
2021-08-20,BBVA,5.554000,5.600507
2021-08-23,BBVA,5.583000,5.604243
2021-08-24,BBVA,5.500000,5.594316
2021-08-25,BBVA,5.707000,5.654120
2021-08-26,BBVA,5.613000,5.683253
2021-08-27,BBVA,5.580000,5.686472
2021-08-30,BBVA,5.535000,5.674670
2021-08-31,BBVA,5.547000,5.663314
2021-09-01,BBVA,5.637000,5.697018
2021-09-02,BBVA,5.609000,5.710471
2021-09-03,BBVA,5.568000,5.703891
2021-09-06,BBVA,5.564000,5.699997
2021-09-07,BBVA,5.593000,5.706796
2021-09-08,BBVA,5.520000,5.685991
2021-09-09,BBVA,5.512000,5.661964
2021-09-10,BBVA,5.500000,5.645637
2021-09-13,BBVA,5.597000,5.675883
2021-09-14,BBVA,5.580000,5.695963
2021-09-15,BBVA,5.602000,5.712811
2021-09-16,BBVA,5.724000,5.763781
2021-09-17,BBVA,5.672000,5.708905
2021-09-20,BBVA,5.248000,5.549187
2021-09-21,BBVA,5.281000,5.454234
2021-09-22,BBVA,5.418000,5.461014
2021-09-23,BBVA,5.570000,5.529807
2021-09-24,BBVA,5.661000,5.605558
2021-09-27,BBVA,5.780000,5.690725
2021-09-28,BBVA,5.687000,5.715875
2021-09-29,BBVA,5.742000,5.733670
2021-09-30,BBVA,5.717000,5.737141
2021-10-01,BBVA,5.633000,5.684602
2021-10-04,BBVA,5.634000,5.608351
2021-10-05,BBVA,6.000000,5.685493
2021-10-06,BBVA,5.945000,5.750426
2021-10-07,BBVA,6.040000,5.830074
2021-10-08,BBVA,5.930000,5.867477
2021-10-11,BBVA,5.914000,5.878455
2021-10-12,BBVA,5.904000,5.865752
2021-10-13,BBVA,5.690000,5.798094
2021-10-14,BBVA,5.637000,5.733952
2021-10-15,BBVA,5.769000,5.735042
2021-10-18,BBVA,5.823000,5.743683
2021-10-19,BBVA,5.776000,5.765974
2021-10-20,BBVA,5.830000,5.792207
2021-10-21,BBVA,5.661000,5.768944
2021-10-22,BBVA,5.686000,5.764667
2021-10-25,BBVA,5.701000,5.775944
2021-10-26,BBVA,5.683000,5.783441
2021-10-27,BBVA,5.615000,5.760929
2021-10-28,BBVA,5.641000,5.751574
2021-10-29,BBVA,6.062000,5.867829
2021-11-01,BBVA,6.279000,6.022806
2021-11-02,BBVA,6.162000,6.084270
2021-11-03,BBVA,6.183000,6.106680
2021-11-04,BBVA,6.040000,6.055904
2021-11-05,BBVA,6.026000,6.011561
2021-11-08,BBVA,6.021000,5.986731
2021-11-09,BBVA,5.973000,5.964715
2021-11-10,BBVA,6.032000,5.977900
2021-11-11,BBVA,6.080000,6.016123
2021-11-12,BBVA,6.127000,6.079107
2021-11-15,BBVA,5.865000,6.014546
2021-11-16,BBVA,5.799000,5.943350
2021-11-17,BBVA,5.752000,5.894249
2021-11-18,BBVA,5.435000,5.776296
2021-11-19,BBVA,5.403000,5.679724
2021-11-22,BBVA,5.424000,5.630390
2021-11-23,BBVA,5.293000,5.568276
2021-11-24,BBVA,5.190000,5.503939
2021-11-25,BBVA,5.230000,5.477830
2021-11-26,BBVA,4.846000,5.369390
2021-11-29,BBVA,4.802500,5.269212
2021-11-30,BBVA,4.702500,5.168376
2021-12-01,BBVA,4.817500,5.135598
2021-12-02,BBVA,4.772000,5.104360
2021-12-03,BBVA,4.789500,5.092784
2021-12-06,BBVA,5.001000,5.144916
2021-12-07,BBVA,5.133000,5.221013
2021-12-08,BBVA,5.203000,5.284042
2021-12-09,BBVA,5.155000,5.308492
2021-12-10,BBVA,5.110000,5.286346
2021-12-13,BBVA,5.110000,5.259346
2021-12-14,BBVA,5.120000,5.241772
2021-12-15,BBVA,5.094000,5.226459
2021-12-16,BBVA,5.138000,5.235492
2021-12-17,BBVA,4.997500,5.188236
2021-12-20,BBVA,4.946000,5.139789
2021-12-21,BBVA,5.062000,5.158953
2021-12-22,BBVA,5.097000,5.197470
2021-12-23,BBVA,5.170000,5.247816
2021-12-27,BBVA,5.230000,5.296047
2021-12-28,BBVA,5.248000,5.329046
2021-12-29,BBVA,5.266000,5.349154
2021-12-30,BBVA,5.250000,5.348087
2022-01-03,BBVA,5.260000,5.346156
2022-01-04,BBVA,5.393000,5.384295
2022-01-05,BBVA,5.380000,5.410827
2022-01-06,BBVA,5.458000,5.441474
2022-01-07,BBVA,5.587000,5.498863
2022-01-10,BBVA,5.577000,5.539480
2022-01-11,BBVA,5.595000,5.565471
2022-01-12,BBVA,5.698000,5.605983
2022-01-13,BBVA,5.759000,5.645611
2022-01-14,BBVA,5.766000,5.669044
2022-01-17,BBVA,5.781000,5.687369
2022-01-18,BBVA,5.781000,5.699997
2022-01-19,BBVA,5.692000,5.653178
2022-01-20,BBVA,5.703000,5.633017
2022-01-21,BBVA,5.626000,5.592346
2022-01-24,BBVA,5.431000,5.490138
2022-01-25,BBVA,5.496000,5.461599
2022-01-26,BBVA,5.622000,5.518307
2022-01-27,BBVA,5.683000,5.600656
2022-01-28,BBVA,5.644000,5.645368
2022-01-31,BBVA,5.634000,5.670934
2022-02-01,BBVA,5.752000,5.725032
2022-02-02,BBVA,5.815000,5.780719
2022-02-03,BBVA,5.695000,5.742303
2022-02-04,BBVA,5.686000,5.709644
2022-02-07,BBVA,5.750000,5.713966
2022-02-08,BBVA,5.885000,5.777899
2022-02-09,BBVA,6.015000,5.867980
2022-02-10,BBVA,6.056000,5.933957
2022-02-11,BBVA,5.967000,5.934052
2022-02-14,BBVA,5.731000,5.821064
2022-02-15,BBVA,5.874000,5.791155
2022-02-16,BBVA,5.816000,5.784643
2022-02-17,BBVA,5.748000,5.766255
2022-02-18,BBVA,5.712000,5.752552
2022-02-21,BBVA,5.621000,5.726656
2022-02-22,BBVA,5.643000,5.710842
2022-02-23,BBVA,5.654000,5.727134
2022-02-24,BBVA,5.299000,5.615182
2022-02-25,BBVA,5.435000,5.570726
2022-02-28,BBVA,5.290000,5.509548
2022-03-01,BBVA,5.084000,5.426270
2022-03-02,BBVA,5.188000,5.388535
2022-03-03,BBVA,5.090000,5.356693
2022-03-04,BBVA,4.799500,5.266899
2022-03-07,BBVA,4.485500,5.113515
2022-03-08,BBVA,4.596500,5.015785
2022-03-09,BBVA,4.995000,5.053828
2022-03-10,BBVA,4.991500,5.101984
2022-03-11,BBVA,4.993000,5.136766
2022-03-14,BBVA,5.105000,5.180114
2022-03-15,BBVA,5.134000,5.211277
2022-03-16,BBVA,5.372000,5.289743
2022-03-17,BBVA,5.292000,5.325329
2022-03-18,BBVA,5.280000,5.325826
2022-03-21,BBVA,5.290000,5.330235
2022-03-22,BBVA,5.365000,5.359244
2022-03-23,BBVA,5.199000,5.341590
2022-03-24,BBVA,5.120000,5.293248
2022-03-25,BBVA,5.115000,5.267747
2022-03-28,BBVA,5.155000,5.269729
2022-03-29,BBVA,5.501000,5.362948
2022-03-30,BBVA,5.390000,5.419042
2022-03-31,BBVA,5.210000,5.385071
2022-04-01,BBVA,5.290000,5.371620
2022-04-04,BBVA,5.322000,5.361188
2022-04-05,BBVA,5.250000,5.348355
2022-04-06,BBVA,4.856500,5.242805
2022-04-07,BBVA,4.845500,5.141517
2022-04-08,BBVA,4.893000,5.100803
2022-04-11,BBVA,4.962000,5.094152
2022-04-12,BBVA,4.970000,5.104139
2022-04-13,BBVA,4.953500,5.092140
2022-04-14,BBVA,5.034000,5.109072
2022-04-19,BBVA,5.082000,5.099289
2022-04-20,BBVA,5.091000,5.146361
2022-04-21,BBVA,5.152000,5.203972
2022-04-22,BBVA,5.006000,5.194723
2022-04-25,BBVA,4.810500,5.117188
2022-04-26,BBVA,4.682500,5.024774
2022-04-27,BBVA,4.695000,4.967359
2022-04-28,BBVA,4.748000,4.958734
2022-04-29,BBVA,5.059000,5.043532
2022-05-02,BBVA,4.845000,5.062160
2022-05-03,BBVA,4.895000,5.068072
2022-05-04,BBVA,4.770000,5.035416
2022-05-05,BBVA,4.590000,4.959847
2022-05-06,BBVA,4.589000,4.891123
2022-05-09,BBVA,4.579000,4.846950
2022-05-10,BBVA,4.640000,4.838451
2022-05-11,BBVA,4.747500,4.863947
2022-05-12,BBVA,4.708500,4.873307
2022-05-13,BBVA,4.850000,4.922860
2022-05-16,BBVA,4.848000,4.958520
2022-05-17,BBVA,4.900500,4.996267
2022-05-18,BBVA,4.854000,4.999191
2022-05-19,BBVA,4.766500,4.965350
2022-05-20,BBVA,4.747500,4.931331
2022-05-23,BBVA,4.871000,4.951683
2022-05-24,BBVA,4.844500,4.966045
2022-05-25,BBVA,4.895000,4.995129
2022-05-26,BBVA,5.007000,5.045815
2022-05-27,BBVA,5.041000,5.091080
2022-05-30,BBVA,5.147000,5.141449
2022-05-31,BBVA,5.079000,5.145720
2022-06-01,BBVA,5.008000,5.116207
2022-06-02,BBVA,4.988500,5.086125
2022-06-03,BBVA,4.957500,5.061195
2022-06-06,BBVA,5.104000,5.094795
2022-06-07,BBVA,5.039000,5.108686
2022-06-08,BBVA,4.977000,5.097079
2022-06-09,BBVA,4.743500,5.012792
2022-06-10,BBVA,4.310500,4.837534
2022-06-13,BBVA,4.154000,4.674272
2022-06-14,BBVA,4.194000,4.575572
2022-06-15,BBVA,4.261500,4.538868
2022-06-16,BBVA,4.172000,4.499387
2022-06-17,BBVA,4.272500,4.480301
2022-06-20,BBVA,4.329500,4.503303
2022-06-21,BBVA,4.308000,4.519343
2022-06-22,BBVA,4.372500,4.538568
2022-06-23,BBVA,4.243000,4.525518
2022-06-24,BBVA,4.343000,4.530521
2022-06-27,BBVA,4.414000,4.561309
2022-06-28,BBVA,4.409000,4.588845
2022-06-29,BBVA,4.317500,4.580625
2022-06-30,BBVA,4.330500,4.566146
2022-07-01,BBVA,4.313500,4.553140
2022-07-04,BBVA,4.373500,4.561594
2022-07-05,BBVA,4.215000,4.529677
2022-07-06,BBVA,4.209500,4.494543
2022-07-07,BBVA,4.362500,4.515748
2022-07-08,BBVA,4.397000,4.548973
2022-07-11,BBVA,4.285000,4.533202
2022-07-12,BBVA,4.123500,4.465163
2022-07-13,BBVA,4.128000,4.412610
2022-07-14,BBVA,3.999500,4.352293
2022-07-15,BBVA,4.101000,4.332896
2022-07-18,BBVA,4.100000,4.330843
2022-07-19,BBVA,4.260500,4.370130
2022-07-20,BBVA,4.170000,4.380729
2022-07-21,BBVA,4.200500,4.388342
2022-07-22,BBVA,4.148000,4.378924
2022-07-25,BBVA,4.197000,4.383667
2022-07-26,BBVA,4.106000,4.361038
2022-07-27,BBVA,4.160000,4.358372
2022-07-28,BBVA,4.168000,4.359922
2022-07-29,BBVA,4.417000,4.427589
2022-08-01,BBVA,4.365500,4.474569
2022-08-02,BBVA,4.415500,4.508035
2022-08-03,BBVA,4.558500,4.552501
2022-08-04,BBVA,4.609500,4.596555
2022-08-05,BBVA,4.621000,4.620611
2022-08-08,BBVA,4.646500,4.639318
2022-08-09,BBVA,4.678000,4.655777
2022-08-10,BBVA,4.709000,4.675133
2022-08-11,BBVA,4.729000,4.697279
2022-08-12,BBVA,4.777000,4.729633
2022-08-15,BBVA,4.797000,4.757678
2022-08-16,BBVA,4.857000,4.794782
2022-08-17,BBVA,4.824000,4.810911
2022-08-18,BBVA,4.858000,4.832480
2022-08-19,BBVA,4.695000,4.774550
2022-08-22,BBVA,4.551000,4.682126
2022-08-23,BBVA,4.585500,4.645403
2022-08-24,BBVA,4.544500,4.631144
2022-08-25,BBVA,4.521500,4.629382
2022-08-26,BBVA,4.453000,4.615927
2022-08-29,BBVA,4.433500,4.601435
2022-08-30,BBVA,4.486500,4.619413
2022-08-31,BBVA,4.491500,4.638915
2022-09-01,BBVA,4.435500,4.636553
2022-09-02,BBVA,4.560500,4.678142
2022-09-05,BBVA,4.469500,4.673807
2022-09-06,BBVA,4.492500,4.674700
2022-09-07,BBVA,4.490500,4.672799
2022-09-08,BBVA,4.625000,4.715956
2022-09-09,BBVA,4.852000,4.812183
2022-09-12,BBVA,4.956000,4.893894
2022-09-13,BBVA,4.887000,4.914671
2022-09-14,BBVA,4.878000,4.907105
2022-09-15,BBVA,4.987000,4.921170
2022-09-16,BBVA,4.927500,4.895955
2022-09-19,BBVA,4.913500,4.883002
2022-09-20,BBVA,4.911000,4.883715
2022-09-21,BBVA,4.931000,4.898417
2022-09-22,BBVA,4.900000,4.908702
2022-09-23,BBVA,4.758000,4.864221
2022-09-26,BBVA,4.741500,4.831577
2022-09-27,BBVA,4.642000,4.788447
2022-09-28,BBVA,4.643500,4.765578
2022-09-29,BBVA,4.552500,4.728769
2022-09-30,BBVA,4.620500,4.741938
2022-10-03,BBVA,4.682500,4.776253
2022-10-04,BBVA,4.902000,4.860485
2022-10-05,BBVA,4.820000,4.909640
2022-10-06,BBVA,4.799500,4.928015
2022-10-07,BBVA,4.620000,4.870267
2022-10-10,BBVA,4.620000,4.822384
2022-10-11,BBVA,4.577500,4.780691
2022-10-12,BBVA,4.583000,4.760584
2022-10-13,BBVA,4.721000,4.796495
2022-10-14,BBVA,4.746500,4.845286
2022-10-17,BBVA,4.858000,4.881037
2022-10-18,BBVA,4.943500,4.931459
2022-10-19,BBVA,4.965000,4.983307
2022-10-20,BBVA,5.047000,5.029943
2022-10-21,BBVA,4.999500,5.029573
2022-10-24,BBVA,5.189000,5.070463
2022-10-25,BBVA,5.230000,5.114666
2022-10-26,BBVA,5.221000,5.143815
2022-10-27,BBVA,5.258000,5.171158
2022-10-28,BBVA,5.246000,5.176331
2022-10-31,BBVA,5.209000,5.171535
2022-11-01,BBVA,5.255000,5.191178
2022-11-02,BBVA,5.286000,5.227939
2022-11-03,BBVA,5.227000,5.227162
2022-11-04,BBVA,5.304000,5.256701
2022-11-07,BBVA,5.337000,5.301754
2022-11-08,BBVA,5.320000,5.329807
2022-11-09,BBVA,5.287000,5.327744
2022-11-10,BBVA,5.306000,5.333733
2022-11-11,BBVA,5.297000,5.340473
2022-11-14,BBVA,5.369000,5.373644
2022-11-15,BBVA,5.411000,5.414955
2022-11-16,BBVA,5.362000,5.415194
2022-11-17,BBVA,5.332000,5.392201
2022-11-18,BBVA,5.448000,5.423711
2022-11-21,BBVA,5.455000,5.458424
2022-11-22,BBVA,5.519000,5.501352
2022-11-23,BBVA,5.536000,5.534037
2022-11-24,BBVA,5.580000,5.567404
2022-11-25,BBVA,5.641000,5.603573
2022-11-28,BBVA,5.540000,5.562298
2022-11-29,BBVA,5.624000,5.559192
2022-11-30,BBVA,5.612000,5.545322
2022-12-01,BBVA,5.566000,5.535178
2022-12-02,BBVA,5.612000,5.558060
2022-12-05,BBVA,5.554000,5.556373
2022-12-06,BBVA,5.543000,5.553790
2022-12-07,BBVA,5.517000,5.549436
2022-12-08,BBVA,5.512000,5.556774
2022-12-09,BBVA,5.533000,5.579961
2022-12-12,BBVA,5.489000,5.572804
2022-12-13,BBVA,5.556000,5.602300
2022-12-14,BBVA,5.537000,5.618307
2022-12-15,BBVA,5.336000,5.526859
2022-12-16,BBVA,5.398000,5.484195
2022-12-19,BBVA,5.404000,5.487750
2022-12-20,BBVA,5.557000,5.561100
2022-12-21,BBVA,5.687000,5.663304
2022-12-22,BBVA,5.641000,5.708317
2022-12-23,BBVA,5.666000,5.731722
2022-12-27,BBVA,5.649000,5.729546
2022-12-28,BBVA,5.655000,5.725852
2022-12-29,BBVA,5.702000,5.733618
2022-12-30,BBVA,5.634000,5.699582
2023-01-02,BBVA,5.782000,5.733689
2023-01-03,BBVA,5.869000,5.794543
2023-01-04,BBVA,6.100000,5.898402
2023-01-05,BBVA,6.154000,5.988189
2023-01-06,BBVA,6.210000,6.052788
2023-01-09,BBVA,6.277000,6.098477
2023-01-10,BBVA,6.310000,6.132979
2023-01-11,BBVA,6.273000,6.132962
2023-01-12,BBVA,6.321000,6.143097
2023-01-13,BBVA,6.362000,6.166821
2023-01-16,BBVA,6.398000,6.208197
2023-01-17,BBVA,6.415000,6.252726
2023-01-18,BBVA,6.443000,6.299909
2023-01-19,BBVA,6.310000,6.244058
2023-01-20,BBVA,6.367000,6.236066
2023-01-23,BBVA,6.450000,6.284229
2023-01-24,BBVA,6.431000,6.328044
2023-01-25,BBVA,6.292000,6.280843
2023-01-26,BBVA,6.417000,6.298345
2023-01-27,BBVA,6.434000,6.344305
2023-01-30,BBVA,6.439000,6.391322
2023-01-31,BBVA,6.463000,6.433910
2023-02-01,BBVA,6.767000,6.540481
2023-02-02,BBVA,6.798000,6.628373
2023-02-03,BBVA,6.907000,6.706415
2023-02-06,BBVA,6.790000,6.691151
2023-02-07,BBVA,6.777000,6.667767
2023-02-08,BBVA,6.753000,6.648303
2023-02-09,BBVA,6.800000,6.662711
2023-02-10,BBVA,6.740000,6.655436
2023-02-13,BBVA,6.831000,6.688801
2023-02-14,BBVA,6.875000,6.750338
2023-02-15,BBVA,6.882000,6.809442
2023-02-16,BBVA,7.010000,6.885845
2023-02-17,BBVA,6.976000,6.918053
2023-02-20,BBVA,6.973000,6.936194
2023-02-21,BBVA,6.968000,6.944187
2023-02-22,BBVA,6.947000,6.935302
2023-02-23,BBVA,7.033000,6.964294
2023-02-24,BBVA,7.028000,6.987359
2023-02-27,BBVA,7.187000,7.056089
2023-02-28,BBVA,7.373000,7.142671
2023-03-01,BBVA,7.225000,7.125344
2023-03-02,BBVA,7.260000,7.118087
2023-03-03,BBVA,7.378000,7.160203
2023-03-06,BBVA,7.446000,7.225881
2023-03-07,BBVA,7.287000,7.190892
2023-03-08,BBVA,7.321000,7.177063
2023-03-09,BBVA,7.299000,7.182624
2023-03-10,BBVA,7.050000,7.070966
2023-03-13,BBVA,6.469000,6.814657
2023-03-14,BBVA,6.690000,6.711934
2023-03-15,BBVA,6.048000,6.520071
2023-03-16,BBVA,6.254000,6.440842
2023-03-17,BBVA,6.036000,6.357415
2023-03-20,BBVA,6.231000,6.336789
2023-03-21,BBVA,6.567000,6.426180
2023-03-22,BBVA,6.585000,6.518471
2023-03-23,BBVA,6.413000,6.541488
2023-03-24,BBVA,6.129000,6.469645
2023-03-27,BBVA,6.256000,6.419665
2023-03-28,BBVA,6.344000,6.403902
2023-03-29,BBVA,6.481000,6.443559
2023-03-30,BBVA,6.619000,6.526435
2023-03-31,BBVA,6.571000,6.590633
2023-04-03,BBVA,6.276000,6.570532
2023-04-04,BBVA,6.386000,6.576712
2023-04-05,BBVA,6.460000,6.597842
2023-04-06,BBVA,6.580000,6.641301
2023-04-11,BBVA,6.482000,6.601795
2023-04-12,BBVA,6.598000,6.622644
2023-04-13,BBVA,6.628000,6.657488
2023-04-14,BBVA,6.806000,6.716440
2023-04-17,BBVA,6.712000,6.748809
2023-04-18,BBVA,6.862000,6.797048
2023-04-19,BBVA,6.918000,6.842501
2023-04-20,BBVA,6.814000,6.844444
2023-04-21,BBVA,6.782000,6.823221
2023-04-24,BBVA,6.814000,6.820381
2023-04-25,BBVA,6.648000,6.778224
2023-04-26,BBVA,6.682000,6.754991
2023-04-27,BBVA,6.890000,6.809695
2023-04-28,BBVA,6.650000,6.796835
2023-05-02,BBVA,6.404000,6.704849
2023-05-03,BBVA,6.290000,6.598968
2023-05-04,BBVA,6.180000,6.498071
2023-05-05,BBVA,6.290000,6.461281
2023-05-08,BBVA,6.388000,6.485484
2023-05-09,BBVA,6.310000,6.491783
2023-05-10,BBVA,6.302000,6.485833
2023-05-11,BBVA,6.538000,6.545762
2023-05-12,BBVA,6.598000,6.623233
2023-05-15,BBVA,6.322000,6.583271
2023-05-16,BBVA,6.300000,6.529337
2023-05-17,BBVA,6.368000,6.511483
2023-05-18,BBVA,6.464000,6.540349
2023-05-19,BBVA,6.492000,6.579617
2023-05-22,BBVA,6.504000,6.609285
2023-05-23,BBVA,6.492000,6.622070
2023-05-24,BBVA,6.340000,6.566833
2023-05-25,BBVA,6.416000,6.547996
2023-05-26,BBVA,6.480000,6.561246
2023-05-29,BBVA,6.400000,6.550857
2023-05-30,BBVA,6.358000,6.524550
2023-05-31,BBVA,6.120000,6.411020
2023-06-01,BBVA,6.256000,6.393891
2023-06-02,BBVA,6.490000,6.473668
2023-06-05,BBVA,6.464000,6.530176
2023-06-06,BBVA,6.478000,6.563400
2023-06-07,BBVA,6.488000,6.578611
2023-06-08,BBVA,6.586000,6.617086
2023-06-09,BBVA,6.510000,6.614648
2023-06-12,BBVA,6.554000,6.616487
2023-06-13,BBVA,6.532000,6.606398
2023-06-14,BBVA,6.776000,6.673419
2023-06-15,BBVA,6.734000,6.722619
2023-06-16,BBVA,6.790000,6.766454
2023-06-19,BBVA,6.798000,6.801298
2023-06-20,BBVA,6.740000,6.798784
2023-06-21,BBVA,6.770000,6.802370
2023-06-22,BBVA,6.732000,6.785054
2023-06-23,BBVA,6.652000,6.734885
2023-06-26,BBVA,6.748000,6.739604
2023-06-27,BBVA,6.784000,6.775786
2023-06-28,BBVA,6.854000,6.841050
2023-06-29,BBVA,6.958000,6.920369
2023-06-30,BBVA,7.032000,6.994645
2023-07-03,BBVA,7.090000,7.056388
2023-07-04,BBVA,7.024000,7.057323
2023-07-05,BBVA,6.958000,7.010577
2023-07-06,BBVA,6.840000,6.919656
2023-07-07,BBVA,6.894000,6.885777
2023-07-10,BBVA,6.878000,6.881498
2023-07-11,BBVA,6.942000,6.919133
2023-07-12,BBVA,7.106000,7.014450
2023-07-13,BBVA,7.092000,7.083796
2023-07-14,BBVA,7.080000,7.120006
2023-07-17,BBVA,7.098000,7.143268
2023-07-18,BBVA,7.162000,7.174181
2023-07-19,BBVA,7.104000,7.157964
2023-07-20,BBVA,7.194000,7.173861
2023-07-21,BBVA,7.126000,7.154675
2023-07-24,BBVA,7.118000,7.129627
2023-07-25,BBVA,7.130000,7.135564
2023-07-26,BBVA,7.112000,7.142705
2023-07-27,BBVA,7.220000,7.196830
2023-07-28,BBVA,7.332000,7.276685
2023-07-31,BBVA,7.210000,7.264750
2023-08-01,BBVA,7.000000,7.148682
2023-08-02,BBVA,6.878000,7.015275
2023-08-03,BBVA,6.872000,6.944098
2023-08-04,BBVA,6.924000,6.947000
2023-08-07,BBVA,6.968000,6.990559
2023-08-08,BBVA,6.834000,6.966762
2023-08-09,BBVA,6.910000,6.987964
2023-08-10,BBVA,7.166000,7.103907
2023-08-11,BBVA,7.180000,7.206098
2023-08-14,BBVA,7.202000,7.264708
2023-08-15,BBVA,7.112000,7.242612
2023-08-16,BBVA,7.090000,7.200130
2023-08-17,BBVA,7.078000,7.170311
2023-08-18,BBVA,7.060000,7.147215
2023-08-21,BBVA,7.096000,7.158036
2023-08-22,BBVA,7.128000,7.186382
2023-08-23,BBVA,7.078000,7.184242
2023-08-24,BBVA,7.172000,7.226646
2023-08-25,BBVA,7.150000,7.249365
2023-08-28,BBVA,7.280000,7.317754
2023-08-29,BBVA,7.350000,7.383397
2023-08-30,BBVA,7.394000,7.435793
2023-08-31,BBVA,7.266000,7.383005
2023-09-01,BBVA,7.264000,7.335938
2023-09-04,BBVA,7.288000,7.326061
2023-09-05,BBVA,7.156000,7.255449
2023-09-06,BBVA,7.020000,7.149120
2023-09-07,BBVA,6.944000,7.063923
2023-09-08,BBVA,6.970000,7.035048
2023-09-11,BBVA,7.070000,7.088156
2023-09-12,BBVA,7.092000,7.150622
2023-09-13,BBVA,7.118000,7.205457
2023-09-14,BBVA,7.244000,7.279895
2023-09-15,BBVA,7.210000,7.311610
2023-09-18,BBVA,7.156000,7.296146
2023-09-19,BBVA,7.314000,7.332746
2023-09-20,BBVA,7.494000,7.418423
2023-09-21,BBVA,7.492000,7.470616
2023-09-22,BBVA,7.466000,7.475070
2023-09-25,BBVA,7.390000,7.434036
2023-09-26,BBVA,7.370000,7.393182
2023-09-27,BBVA,7.446000,7.403317
2023-09-28,BBVA,7.688000,7.505393
2023-09-29,BBVA,7.710000,7.592420
2023-10-02,BBVA,7.692000,7.614565
2023-10-03,BBVA,7.732000,7.631656
2023-10-04,BBVA,7.626000,7.597612
2023-10-05,BBVA,7.642000,7.588799
2023-10-06,BBVA,7.676000,7.606292
2023-10-09,BBVA,7.422000,7.501398
2023-10-10,BBVA,7.650000,7.524717
2023-10-11,BBVA,7.782000,7.612227
2023-10-12,BBVA,7.798000,7.707982
2023-10-13,BBVA,7.682000,7.720252
2023-10-16,BBVA,7.700000,7.730506
2023-10-17,BBVA,7.744000,7.755442
2023-10-18,BBVA,7.688000,7.752387
2023-10-19,BBVA,7.624000,7.716538
2023-10-20,BBVA,7.540000,7.658583
2023-10-23,BBVA,7.522000,7.615323
2023-10-24,BBVA,7.392000,7.548471
2023-10-25,BBVA,7.430000,7.528098
2023-10-26,BBVA,7.462000,7.540158
2023-10-27,BBVA,7.442000,7.554130
2023-10-30,BBVA,7.504000,7.597192
2023-10-31,BBVA,7.422000,7.568175
2023-11-01,BBVA,7.590000,7.626403
2023-11-02,BBVA,7.636000,7.697206
2023-11-03,BBVA,7.734000,7.774447
2023-11-06,BBVA,7.718000,7.806558
2023-11-07,BBVA,7.724000,7.811524
2023-11-08,BBVA,7.832000,7.842750
2023-11-09,BBVA,7.972000,7.912326
2023-11-10,BBVA,7.900000,7.915114
2023-11-13,BBVA,8.004000,7.943546
2023-11-14,BBVA,8.218000,8.025986
2023-11-15,BBVA,8.222000,8.097868
2023-11-16,BBVA,8.168000,8.110920
2023-11-17,BBVA,8.284000,8.145431
2023-11-20,BBVA,8.286000,8.187412
2023-11-21,BBVA,8.296000,8.219264
2023-11-22,BBVA,8.372000,8.266597
2023-11-23,BBVA,8.444000,8.322745
2023-11-24,BBVA,8.390000,8.326062
2023-11-27,BBVA,8.400000,8.336794
2023-11-28,BBVA,8.586000,8.411709
2023-11-29,BBVA,8.696000,8.505790
2023-11-30,BBVA,8.506000,8.450468
2023-12-01,BBVA,8.556000,8.435811
2023-12-04,BBVA,8.660000,8.486149
2023-12-05,BBVA,8.628000,8.521957
2023-12-06,BBVA,8.608000,8.544403
2023-12-07,BBVA,8.458000,8.478420
2023-12-08,BBVA,8.506000,8.456885
2023-12-11,BBVA,8.492000,8.462484
2023-12-12,BBVA,8.420000,8.448228
2023-12-13,BBVA,8.426000,8.449704
2023-12-14,BBVA,8.372000,8.427277
2023-12-15,BBVA,8.284000,8.368929
2023-12-18,BBVA,8.250000,8.331848
2023-12-19,BBVA,8.262000,8.327536
2023-12-20,BBVA,8.170000,8.296871
2023-12-21,BBVA,8.232000,8.311879
2023-12-22,BBVA,8.238000,8.340304
2023-12-27,BBVA,8.242000,8.366076
2023-12-28,BBVA,8.192000,8.353154
2023-12-29,BBVA,8.226000,8.369211
2024-01-02,BBVA,8.426000,8.481449
2024-01-03,BBVA,8.320000,8.497171
2024-01-04,BBVA,8.460000,8.544710
2024-01-05,BBVA,8.514000,8.590727
2024-01-08,BBVA,8.602000,8.640727
2024-01-09,BBVA,8.414000,8.559834
2024-01-10,BBVA,8.402000,8.484811
2024-01-11,BBVA,8.280000,8.390629
2024-01-12,BBVA,8.288000,8.341697
2024-01-15,BBVA,8.252000,8.311507
2024-01-16,BBVA,8.142000,8.257550
2024-01-17,BBVA,8.094000,8.197599
2024-01-18,BBVA,8.084000,8.172250
2024-01-19,BBVA,7.996000,8.137922
2024-01-22,BBVA,8.172000,8.222655
2024-01-23,BBVA,8.134000,8.273031
2024-01-24,BBVA,8.226000,8.342191
2024-01-25,BBVA,8.090000,8.317269
2024-01-26,BBVA,8.092000,8.289584
2024-01-29,BBVA,8.114000,8.282530
2024-01-30,BBVA,8.614000,8.455141
2024-01-31,BBVA,8.676000,8.610239
2024-02-01,BBVA,8.674000,8.682871
2024-02-02,BBVA,8.962000,8.777443
2024-02-05,BBVA,8.934000,8.828695
2024-02-06,BBVA,9.104000,8.885975
2024-02-07,BBVA,8.986000,8.856136
2024-02-08,BBVA,9.116000,8.865806
2024-02-09,BBVA,9.152000,8.900587
2024-02-12,BBVA,9.250000,8.969837
2024-02-13,BBVA,9.274000,9.056212
2024-02-14,BBVA,9.186000,9.073003
2024-02-15,BBVA,9.042000,9.007739
2024-02-16,BBVA,9.016000,8.968347
2024-02-19,BBVA,9.026000,8.977716
2024-02-20,BBVA,9.098000,9.029639
2024-02-21,BBVA,9.294000,9.141032
2024-02-22,BBVA,9.332000,9.249445
2024-02-23,BBVA,9.430000,9.346250
2024-02-26,BBVA,9.456000,9.418751
2024-02-27,BBVA,9.370000,9.405623
2024-02-28,BBVA,9.320000,9.351996
2024-02-29,BBVA,9.186000,9.233944
2024-03-01,BBVA,9.362000,9.235169
2024-03-04,BBVA,9.414000,9.292253
2024-03-05,BBVA,9.488000,9.377434
2024-03-06,BBVA,9.662000,9.499276
2024-03-07,BBVA,9.848000,9.635164
2024-03-08,BBVA,9.898000,9.744218
2024-03-11,BBVA,9.936000,9.813924
2024-03-12,BBVA,10.195000,9.909869
2024-03-13,BBVA,10.270000,9.995257
2024-03-14,BBVA,10.190000,10.000283
2024-03-15,BBVA,10.415000,10.043435
2024-03-18,BBVA,10.385000,10.095285
2024-03-19,BBVA,10.505000,10.175685
2024-03-20,BBVA,10.525000,10.257876
2024-03-21,BBVA,10.800000,10.390109
2024-03-22,BBVA,10.900000,10.517916
2024-03-25,BBVA,10.855000,10.584097
2024-03-26,BBVA,10.840000,10.627802
2024-03-27,BBVA,10.905000,10.681718
2024-03-28,BBVA,11.040000,10.758410
2024-04-02,BBVA,10.970000,10.787015
2024-04-03,BBVA,11.050000,10.826288
2024-04-04,BBVA,11.235000,10.923241
2024-04-05,BBVA,11.005000,10.851990
2024-04-08,BBVA,10.650000,10.680908
2024-04-09,BBVA,10.480000,10.525130
2024-04-10,BBVA,10.425000,10.423600
2024-04-11,BBVA,10.120000,10.260722
2024-04-12,BBVA,10.050000,10.145025
2024-04-15,BBVA,10.170000,10.136573
2024-04-16,BBVA,9.962000,10.079856
2024-04-17,BBVA,10.220000,10.150927
2024-04-18,BBVA,10.420000,10.310121
2024-04-19,BBVA,10.205000,10.335103
2024-04-22,BBVA,10.430000,10.424216
2024-04-23,BBVA,10.660000,10.562559
2024-04-24,BBVA,10.550000,10.621385
2024-04-25,BBVA,10.505000,10.616592
2024-04-26,BBVA,10.985000,10.740432
2024-04-29,BBVA,10.900000,10.804463
2024-04-30,BBVA,10.175000,10.571532
2024-05-02,BBVA,9.784000,10.265994
2024-05-03,BBVA,9.850000,10.088695
2024-05-06,BBVA,9.840000,9.995218
2024-05-07,BBVA,10.195000,10.061989
2024-05-08,BBVA,10.290000,10.183311
2024-05-09,BBVA,9.600000,10.032049
2024-05-10,BBVA,9.710000,9.929856
2024-05-13,BBVA,9.724000,9.899483
2024-05-14,BBVA,9.900000,9.936429
2024-05-15,BBVA,10.200000,10.060323
2024-05-16,BBVA,9.974000,10.100337
2024-05-17,BBVA,10.020000,10.124271
2024-05-20,BBVA,9.932000,10.124315
2024-05-21,BBVA,9.986000,10.155578
2024-05-22,BBVA,10.010000,10.183322
2024-05-23,BBVA,10.035000,10.191456
2024-05-24,BBVA,9.964000,10.164337
2024-05-27,BBVA,9.980000,10.144791
2024-05-28,BBVA,9.936000,10.129039
2024-05-29,BBVA,9.766000,10.072963
2024-05-30,BBVA,9.970000,10.083632
2024-05-31,BBVA,9.940000,10.090436
2024-06-03,BBVA,9.768000,10.037135
2024-06-04,BBVA,9.456000,9.878551
2024-06-05,BBVA,9.550000,9.794550
2024-06-06,BBVA,9.798000,9.834888
2024-06-07,BBVA,9.894000,9.908421
2024-06-10,BBVA,9.760000,9.919920
2024-06-11,BBVA,9.588000,9.854102
2024-06-12,BBVA,9.344000,9.712606
2024-06-13,BBVA,9.116000,9.541527
2024-06-14,BBVA,9.020000,9.382192
2024-06-17,BBVA,9.074000,9.303976
2024-06-18,BBVA,9.222000,9.320152
2024-06-19,BBVA,9.250000,9.359266
2024-06-20,BBVA,9.350000,9.426357
2024-06-21,BBVA,9.190000,9.419075
2024-06-24,BBVA,9.392000,9.482982
2024-06-25,BBVA,9.280000,9.495990
2024-06-26,BBVA,9.200000,9.459314
2024-06-27,BBVA,9.240000,9.439085
2024-06-28,BBVA,9.352000,9.470422
2024-07-01,BBVA,9.500000,9.555791
2024-07-02,BBVA,9.400000,9.573982
2024-07-03,BBVA,9.594000,9.639563
2024-07-04,BBVA,9.606000,9.697071
2024-07-05,BBVA,9.614000,9.720046
2024-07-08,BBVA,9.574000,9.709353
2024-07-09,BBVA,9.500000,9.655560
2024-07-10,BBVA,9.662000,9.675304
2024-07-11,BBVA,9.710000,9.730154
2024-07-12,BBVA,9.786000,9.801648
2024-07-15,BBVA,9.814000,9.858485
2024-07-16,BBVA,9.680000,9.824807
2024-07-17,BBVA,9.818000,9.846143
2024-07-18,BBVA,9.948000,9.917849
2024-07-19,BBVA,9.880000,9.938293
2024-07-22,BBVA,10.085000,10.014569
2024-07-23,BBVA,10.195000,10.105185
2024-07-24,BBVA,10.100000,10.121298
2024-07-25,BBVA,10.025000,10.075213
2024-07-26,BBVA,10.035000,10.052847
2024-07-29,BBVA,10.030000,10.051381
2024-07-30,BBVA,10.175000,10.108509
2024-07-31,BBVA,9.704000,9.936425
2024-08-01,BBVA,9.210000,9.630026
2024-08-02,BBVA,8.874000,9.320915
2024-08-05,BBVA,8.694000,9.065488
2024-08-06,BBVA,8.620000,8.905977
2024-08-07,BBVA,8.860000,8.905781
2024-08-08,BBVA,8.816000,8.917441
2024-08-09,BBVA,8.898000,8.967497
2024-08-12,BBVA,8.924000,9.021229
2024-08-13,BBVA,8.970000,9.090842
2024-08-14,BBVA,8.958000,9.136064
2024-08-15,BBVA,9.182000,9.235800
2024-08-16,BBVA,9.232000,9.323799
2024-08-19,BBVA,9.400000,9.427485
2024-08-20,BBVA,9.336000,9.469703
2024-08-21,BBVA,9.360000,9.493943
2024-08-22,BBVA,9.348000,9.492062
2024-08-23,BBVA,9.440000,9.520980
2024-08-26,BBVA,9.416000,9.527532
2024-08-27,BBVA,9.466000,9.544501
2024-08-28,BBVA,9.468000,9.552540
2024-08-29,BBVA,9.512000,9.582360
2024-08-30,BBVA,9.590000,9.632797
2024-09-02,BBVA,9.552000,9.649159
2024-09-03,BBVA,9.276000,9.515739
2024-09-04,BBVA,9.046000,9.320444
2024-09-05,BBVA,9.106000,9.220872
2024-09-06,BBVA,8.912000,9.118988
2024-09-09,BBVA,9.034000,9.113079
2024-09-10,BBVA,8.922000,9.091676
2024-09-11,BBVA,8.894000,9.064459
2024-09-12,BBVA,9.068000,9.126312
2024-09-13,BBVA,9.252000,9.253467
2024-09-16,BBVA,9.322000,9.370960
2024-09-17,BBVA,9.410000,9.465993
2024-09-18,BBVA,9.462000,9.530873
2024-09-19,BBVA,9.772000,9.655050
2024-09-20,BBVA,9.740000,9.713898
2024-09-23,BBVA,9.740000,9.736687
2024-09-24,BBVA,9.724000,9.731125
2024-09-25,BBVA,9.664000,9.689976
2024-09-26,BBVA,9.954000,9.768861
2024-09-27,BBVA,9.936000,9.837981
2024-09-30,BBVA,9.708000,9.770850
2024-10-01,BBVA,9.300000,9.542233
2024-10-02,BBVA,9.254000,9.387940
2024-10-03,BBVA,9.334000,9.351163
2024-10-04,BBVA,9.552000,9.432687
2024-10-07,BBVA,9.652000,9.552413
2024-10-08,BBVA,9.312000,9.517617
2024-10-09,BBVA,9.272000,9.469289
2024-10-10,BBVA,9.230000,9.434700
2024-10-11,BBVA,9.288000,9.448140
2024-10-14,BBVA,9.400000,9.508714
2024-10-15,BBVA,9.442000,9.550856
2024-10-16,BBVA,9.288000,9.516913
2024-10-17,BBVA,9.100000,9.420280
2024-10-18,BBVA,9.290000,9.427439
2024-10-21,BBVA,9.074000,9.385148
2024-10-22,BBVA,9.142000,9.362703
2024-10-23,BBVA,9.156000,9.358780
2024-10-24,BBVA,9.030000,9.317945
2024-10-25,BBVA,9.042000,9.287808
2024-10-28,BBVA,9.058000,9.281989
2024-10-29,BBVA,9.018000,9.269720
2024-10-30,BBVA,9.094000,9.284765
2024-10-31,BBVA,9.150000,9.301876
2024-11-01,BBVA,9.416000,9.419953
2024-11-04,BBVA,9.552000,9.553693
2024-11-05,BBVA,9.606000,9.654745
2024-11-06,BBVA,8.970000,9.435384
2024-11-07,BBVA,9.342000,9.372962
2024-11-08,BBVA,9.102000,9.292371
2024-11-11,BBVA,9.124000,9.252830
2024-11-12,BBVA,8.914000,9.162051
2024-11-13,BBVA,8.878000,9.087823
2024-11-14,BBVA,9.086000,9.117471
2024-11-15,BBVA,9.376000,9.248272
2024-11-18,BBVA,9.428000,9.377363
2024-11-19,BBVA,9.328000,9.425205
2024-11-20,BBVA,9.230000,9.403738
2024-11-21,BBVA,9.254000,9.399413
2024-11-22,BBVA,9.170000,9.354465
2024-11-25,BBVA,9.252000,9.351779
2024-11-26,BBVA,8.946000,9.256988
2024-11-27,BBVA,8.794000,9.137550
2024-11-28,BBVA,8.870000,9.095735
2024-11-29,BBVA,8.936000,9.097809
2024-12-02,BBVA,8.976000,9.121587
2024-12-03,BBVA,9.150000,9.205049
2024-12-04,BBVA,9.242000,9.302941
2024-12-05,BBVA,9.632000,9.479976
2024-12-06,BBVA,9.554000,9.571994
2024-12-09,BBVA,9.582000,9.625919
2024-12-10,BBVA,9.592000,9.642015
2024-12-11,BBVA,9.508000,9.603109
2024-12-12,BBVA,9.666000,9.628975
2024-12-13,BBVA,9.704000,9.673280
2024-12-16,BBVA,9.768000,9.734561
2024-12-17,BBVA,9.520000,9.673536
2024-12-18,BBVA,9.560000,9.639127
2024-12-19,BBVA,9.374000,9.560797
2024-12-20,BBVA,9.302000,9.465984
2024-12-23,BBVA,9.300000,9.426364
2024-12-24,BBVA,9.266000,9.405306
2024-12-27,BBVA,9.386000,9.451295
2024-12-30,BBVA,9.370000,9.486275
2024-12-31,BBVA,9.452000,9.546756
2025-01-02,BBVA,9.298000,9.513132
2025-01-03,BBVA,9.318000,9.489418
2025-01-06,BBVA,9.744000,9.636951
2025-01-07,BBVA,9.874000,9.791500
2025-01-08,BBVA,9.902000,9.892643
2025-01-09,BBVA,9.994000,9.965261
2025-01-10,BBVA,9.936000,9.976163
2025-01-13,BBVA,10.245000,10.067443
2025-01-14,BBVA,10.345000,10.172042
2025-01-15,BBVA,10.410000,10.256990
2025-01-16,BBVA,10.330000,10.261418
2025-01-17,BBVA,10.335000,10.267060
2025-01-20,BBVA,10.425000,10.323777
2025-01-21,BBVA,10.440000,10.369010
2025-01-22,BBVA,10.355000,10.371139
2025-01-23,BBVA,10.635000,10.462768
2025-01-24,BBVA,10.720000,10.586427
2025-01-27,BBVA,10.785000,10.694325
2025-01-28,BBVA,10.940000,10.810113
2025-01-29,BBVA,11.065000,10.928087
2025-01-30,BBVA,11.215000,11.040385
2025-01-31,BBVA,11.050000,11.020465
2025-02-03,BBVA,10.745000,10.815599
2025-02-04,BBVA,11.000000,10.789920
2025-02-05,BBVA,11.030000,10.843730
2025-02-06,BBVA,11.635000,11.065398
2025-02-07,BBVA,11.650000,11.272817
2025-02-10,BBVA,11.505000,11.351518
2025-02-11,BBVA,11.705000,11.452395
2025-02-12,BBVA,11.960000,11.609729
2025-02-13,BBVA,11.955000,11.729753
2025-02-14,BBVA,12.050000,11.823296
2025-02-17,BBVA,12.195000,11.925283
2025-02-18,BBVA,12.450000,12.070328
2025-02-19,BBVA,12.125000,12.038204
2025-02-20,BBVA,12.170000,12.038451
2025-02-21,BBVA,12.290000,12.107356
2025-02-24,BBVA,12.405000,12.210381
2025-02-25,BBVA,12.575000,12.332690
2025-02-26,BBVA,12.935000,12.537801
2025-02-27,BBVA,12.890000,12.667927
2025-02-28,BBVA,12.825000,12.706275
2025-03-03,BBVA,12.930000,12.762188
2025-03-04,BBVA,12.250000,12.496212
2025-03-05,BBVA,12.840000,12.464628
2025-03-06,BBVA,13.130000,12.607592
2025-03-07,BBVA,13.160000,12.757780
2025-03-10,BBVA,12.760000,12.730736
2025-03-11,BBVA,12.535000,12.632979
2025-03-12,BBVA,12.875000,12.682918
2025-03-13,BBVA,12.770000,12.716772
2025-03-14,BBVA,13.180000,12.855360
2025-03-17,BBVA,13.275000,13.025911
2025-03-18,BBVA,13.585000,13.212664
2025-03-19,BBVA,13.445000,13.293634
2025-03-20,BBVA,13.080000,13.211900
2025-03-21,BBVA,13.075000,13.138253
2025-03-24,BBVA,13.135000,13.150206
2025-03-25,BBVA,13.440000,13.267558
2025-03-26,BBVA,13.325000,13.332872
2025-03-27,BBVA,13.150000,13.281425
2025-03-28,BBVA,12.725000,13.098103
2025-03-31,BBVA,12.545000,12.896544
2025-04-01,BBVA,12.755000,12.850868
2025-04-02,BBVA,12.730000,12.841581
2025-04-03,BBVA,12.535000,12.754300
2025-04-04,BBVA,11.360000,12.295943
2025-04-07,BBVA,10.810000,11.710631
2025-04-08,BBVA,10.820000,11.365781
2025-04-09,BBVA,10.700000,11.136861
2025-04-10,BBVA,11.380000,11.238624
2025-04-11,BBVA,11.280000,11.304758
2025-04-14,BBVA,11.655000,11.473095
2025-04-15,BBVA,11.910000,11.678590
2025-04-16,BBVA,11.950000,11.850061
2025-04-17,BBVA,11.865000,11.951076
2025-04-22,BBVA,11.915000,11.993364
2025-04-23,BBVA,12.355000,12.143433
2025-04-24,BBVA,12.250000,12.224345
2025-04-25,BBVA,12.455000,12.342004
2025-04-28,BBVA,12.595000,12.519190
2025-04-29,BBVA,12.340000,12.566038
2025-04-30,BBVA,12.060000,12.462886
2025-05-02,BBVA,12.220000,12.430829
2025-05-05,BBVA,12.440000,12.539639
2025-05-06,BBVA,12.515000,12.631366
2025-05-07,BBVA,12.550000,12.695606
2025-05-08,BBVA,12.805000,12.815770
2025-05-09,BBVA,12.815000,12.902407
2025-05-12,BBVA,13.045000,13.019197
2025-05-13,BBVA,13.230000,13.143520
2025-05-14,BBVA,13.405000,13.272423
2025-05-15,BBVA,13.345000,13.323741
2025-05-16,BBVA,13.400000,13.371636
2025-05-19,BBVA,13.465000,13.434508
2025-05-20,BBVA,13.770000,13.578628
2025-05-21,BBVA,13.695000,13.671552
2025-05-22,BBVA,13.680000,13.711651
2025-05-23,BBVA,13.265000,13.527336
2025-05-26,BBVA,13.435000,13.480055
2025-05-27,BBVA,13.545000,13.517873
2025-05-28,BBVA,13.240000,13.447879
2025-05-29,BBVA,13.250000,13.406322
2025-05-30,BBVA,13.210000,13.379965
2025-06-02,BBVA,13.220000,13.380323
2025-06-03,BBVA,13.165000,13.370096
2025-06-04,BBVA,13.120000,13.346444
2025-06-05,BBVA,13.200000,13.367810
2025-06-06,BBVA,13.240000,13.407900
2025-06-09,BBVA,13.250000,13.458911
2025-06-10,BBVA,13.185000,13.473957
2025-06-11,BBVA,13.255000,13.507432
2025-06-12,BBVA,13.215000,13.527440
2025-06-13,BBVA,12.955000,13.392869
2025-06-16,BBVA,13.210000,13.406340
2025-06-17,BBVA,13.050000,13.361432
2025-06-18,BBVA,13.075000,13.332578
2025-06-19,BBVA,12.840000,13.217292
2025-06-20,BBVA,12.910000,13.162802
2025-06-23,BBVA,12.790000,13.095685
2025-06-24,BBVA,13.115000,13.204910
2025-06-25,BBVA,12.710000,13.131844
2025-06-26,BBVA,12.760000,13.078068
2025-06-27,BBVA,13.010000,13.134605
2025-06-30,BBVA,13.055000,13.209180
2025-07-01,BBVA,12.850000,13.170965
2025-07-02,BBVA,13.035000,13.213208
2025-07-03,BBVA,13.255000,13.325305
2025-07-04,BBVA,12.915000,13.275449
2025-07-07,BBVA,13.150000,13.292029
2025-07-08,BBVA,13.365000,13.403460
2025-07-09,BBVA,13.600000,13.544565
2025-07-10,BBVA,13.350000,13.546539
2025-07-11,BBVA,12.935000,13.373406
2025-07-14,BBVA,13.000000,13.262490
2025-07-15,BBVA,12.745000,13.122423
2025-07-16,BBVA,12.695000,13.007461
2025-07-17,BBVA,12.770000,12.981384
2025-07-18,BBVA,12.760000,12.969621
2025-07-21,BBVA,12.665000,12.932488
2025-07-22,BBVA,12.625000,12.891973
2025-07-23,BBVA,12.850000,12.975686
2025-07-24,BBVA,12.995000,13.114522
2025-07-25,BBVA,13.030000,13.213860
2025-07-28,BBVA,13.180000,13.335945
2025-07-29,BBVA,13.500000,13.500623
2025-07-30,BBVA,13.560000,13.619355
2025-07-31,BBVA,14.640000,13.951705
2025-08-01,BBVA,14.355000,14.082621
2025-08-04,BBVA,14.800000,14.238319
2025-08-05,BBVA,14.930000,14.377718
2025-08-06,BBVA,15.240000,14.553603
2025-08-07,BBVA,15.495000,14.755058
2025-08-08,BBVA,15.940000,14.995477
2025-08-11,BBVA,16.059999,15.221911
2025-08-12,BBVA,15.760000,15.282780
2025-08-13,BBVA,16.025000,15.400260
2025-08-14,BBVA,16.344999,15.614162
2025-08-15,BBVA,16.480000,15.835110
2025-08-18,BBVA,16.360001,15.958153
2025-08-19,BBVA,16.400000,16.070237
2025-08-20,BBVA,16.250000,16.150598
2025-08-21,BBVA,16.415001,16.254397
2025-08-22,BBVA,16.455000,16.369118
2025-08-25,BBVA,16.145000,16.310195
2025-08-26,BBVA,15.845000,16.119036
2025-08-27,BBVA,15.530000,15.879787
2025-08-28,BBVA,15.555000,15.747350
2025-08-29,BBVA,15.490000,15.655301
2025-09-01,BBVA,15.600000,15.657098
2025-09-02,BBVA,15.440000,15.606806
2025-09-03,BBVA,15.430000,15.569160
2025-09-04,BBVA,15.810000,15.695152
2025-09-05,BBVA,15.605000,15.737141
2025-09-08,BBVA,15.770000,15.807406
2025-09-09,BBVA,15.935000,15.913394
2025-09-10,BBVA,16.150000,16.047438
2025-09-11,BBVA,16.209999,16.159536
2025-09-12,BBVA,16.215000,16.228107
2025-09-15,BBVA,16.360001,16.319734
2025-09-16,BBVA,16.184999,16.285985
2025-09-17,BBVA,16.055000,16.191218
2025-09-18,BBVA,16.219999,16.204446
2025-09-19,BBVA,16.410000,16.275940
2025-09-22,BBVA,15.975000,16.157350
2025-09-23,BBVA,16.174999,16.142902
2025-09-24,BBVA,16.385000,16.233632
2025-09-25,BBVA,16.105000,16.214397
2025-09-26,BBVA,16.465000,16.306419
2025-09-29,BBVA,16.240000,16.319717
2025-09-30,BBVA,16.340000,16.352682
2025-10-01,BBVA,16.375000,16.376517
2025-10-02,BBVA,16.330000,16.385960
2025-10-03,BBVA,16.420000,16.437202
2025-10-06,BBVA,16.174999,16.347982
2025-10-07,BBVA,16.055000,16.246013
2025-10-08,BBVA,16.360001,16.303765
2025-10-09,BBVA,16.065001,16.241913
2025-10-10,BBVA,15.790000,16.099885
2025-10-13,BBVA,15.870000,16.019697
2025-10-14,BBVA,15.985000,16.034660
2025-10-15,BBVA,15.785000,15.987761
2025-10-16,BBVA,15.715000,15.905229
2025-10-17,BBVA,16.655001,16.163523
2025-10-20,BBVA,17.295000,16.538987
2025-10-21,BBVA,17.065001,16.719028
2025-10-22,BBVA,17.000000,16.785110
2025-10-23,BBVA,16.959999,16.790344
2025-11-01,BBVA,,16.790344
2025-11-02,BBVA,,16.778692
2025-11-03,BBVA,,16.771030
2025-11-04,BBVA,,16.768778
2025-11-05,BBVA,,16.752523
2025-11-06,BBVA,,16.732887
2025-11-07,BBVA,,16.736982
2025-11-08,BBVA,,16.757455
2025-11-09,BBVA,,16.763602
2025-11-10,BBVA,,16.768672
2020-09-09,SAN,1.806267,1.978945
2020-09-10,SAN,1.768700,1.975503
2020-09-11,SAN,1.730175,1.965765
2020-09-14,SAN,1.738417,1.953026
2020-09-15,SAN,1.719058,1.939263
2020-09-16,SAN,1.722317,1.923524
2020-09-17,SAN,1.688583,1.904277
2020-09-18,SAN,1.624758,1.868358
2020-09-21,SAN,1.523750,1.818915
2020-09-22,SAN,1.495383,1.764327
2020-09-23,SAN,1.473533,1.712393
2020-09-24,SAN,1.481583,1.665058
2020-09-25,SAN,1.485033,1.626529
2020-09-28,SAN,1.586233,1.614510
2020-09-29,SAN,1.525858,1.612684
2020-09-30,SAN,1.532950,1.618047
2020-10-01,SAN,1.514167,1.624512
2020-10-02,SAN,1.512825,1.634733
2020-10-05,SAN,1.541958,1.645320
2020-10-06,SAN,1.637983,1.669904
2020-10-07,SAN,1.616708,1.696918
2020-10-08,SAN,1.644500,1.727888
2020-10-09,SAN,1.623417,1.751304
2020-10-12,SAN,1.599267,1.768921
2020-10-13,SAN,1.546175,1.771602
2020-10-14,SAN,1.548283,1.767821
2020-10-15,SAN,1.533525,1.755734
2020-10-16,SAN,1.574158,1.748151
2020-10-19,SAN,1.584892,1.745192
2020-10-20,SAN,1.628783,1.754191
2020-10-21,SAN,1.599075,1.761787
2020-10-22,SAN,1.617092,1.771968
2020-10-23,SAN,1.671333,1.791868
2020-10-26,SAN,1.651017,1.810444
2020-10-27,SAN,1.626867,1.821487
2020-10-28,SAN,1.575308,1.818766
2020-10-29,SAN,1.591408,1.813105
2020-10-30,SAN,1.639517,1.814283
2020-11-02,SAN,1.708325,1.828811
2020-11-03,SAN,1.774642,1.857346
2020-11-04,SAN,1.702000,1.876661
2020-11-05,SAN,1.754325,1.898047
2020-11-06,SAN,1.712542,1.913242
2020-11-09,SAN,2.041729,1.944634
2020-11-10,SAN,2.217104,1.987929
2020-11-11,SAN,2.250646,2.043202
2020-11-12,SAN,2.221417,2.101332
2020-11-13,SAN,2.286583,2.163707
2020-11-16,SAN,2.351000,2.226691
2020-11-17,SAN,2.368000,2.292200
2020-11-18,SAN,2.362000,2.355000
2020-11-19,SAN,2.324500,2.409483
2020-11-20,SAN,2.336500,2.457471
2020-11-23,SAN,2.354500,2.508157
2020-11-24,SAN,2.483500,2.559468
2020-11-25,SAN,2.461500,2.603512
2020-11-26,SAN,2.427500,2.637767
2020-11-27,SAN,2.465000,2.666821
2020-11-30,SAN,2.417500,2.681284
2020-12-01,SAN,2.558500,2.695538
2020-12-02,SAN,2.680000,2.717112
2020-12-03,SAN,2.707500,2.746683
2020-12-04,SAN,2.862000,2.784129
2020-12-07,SAN,2.726000,2.811987
2020-12-08,SAN,2.771500,2.839619
2020-12-09,SAN,2.725500,2.861427
2020-12-10,SAN,2.648000,2.872723
2020-12-11,SAN,2.575000,2.870772
2020-12-14,SAN,2.623000,2.868829
2020-12-15,SAN,2.704500,2.874484
2020-12-16,SAN,2.679000,2.880787
2020-12-17,SAN,2.688500,2.888758
2020-12-18,SAN,2.578500,2.881448
2020-12-21,SAN,2.451000,2.850782
2020-12-22,SAN,2.531000,2.824381
2020-12-23,SAN,2.619500,2.807124
2020-12-24,SAN,2.670000,2.805288
2020-12-28,SAN,2.590500,2.807432
2020-12-29,SAN,2.591500,2.809177
2020-12-30,SAN,2.575000,2.811834
2020-12-31,SAN,2.538000,2.809614
2021-01-04,SAN,2.566500,2.806389
2021-01-05,SAN,2.575500,2.806726
2021-01-06,SAN,2.752500,2.820651
2021-01-07,SAN,2.793000,2.841229
2021-01-08,SAN,2.760000,2.862882
2021-01-11,SAN,2.810000,2.882623
2021-01-12,SAN,2.849500,2.905326
2021-01-13,SAN,2.832000,2.928401
2021-01-14,SAN,2.801000,2.945097
2021-01-15,SAN,2.720500,2.946685
2021-01-18,SAN,2.738000,2.943939
2021-01-19,SAN,2.684000,2.934488
2021-01-20,SAN,2.688500,2.923559
2021-01-21,SAN,2.640000,2.905442
2021-01-22,SAN,2.581000,2.878131
2021-01-25,SAN,2.490000,2.842915
2021-01-26,SAN,2.532500,2.808253
2021-01-27,SAN,2.432500,2.768078
2021-01-28,SAN,2.481500,2.733727
2021-01-29,SAN,2.415000,2.698319
2021-02-01,SAN,2.417000,2.665934
2021-02-02,SAN,2.537000,2.648175
2021-02-03,SAN,2.554000,2.646458
2021-02-04,SAN,2.690000,2.664145
2021-02-05,SAN,2.788000,2.699274
2021-02-08,SAN,2.845000,2.742782
2021-02-09,SAN,2.832000,2.790132
2021-02-10,SAN,2.837500,2.835764
2021-02-11,SAN,2.796500,2.873954
2021-02-12,SAN,2.795000,2.903226
2021-02-15,SAN,2.910000,2.934555
2021-02-16,SAN,2.911500,2.967248
2021-02-17,SAN,2.894500,2.994226
2021-02-18,SAN,2.855500,3.017627
2021-02-19,SAN,2.975500,3.044327
2021-02-22,SAN,2.895500,3.061482
2021-02-23,SAN,2.950500,3.077847
2021-02-24,SAN,2.962500,3.094685
2021-02-25,SAN,2.965500,3.110505
2021-02-26,SAN,2.897500,3.118297
2021-03-01,SAN,2.920000,3.124519
2021-03-02,SAN,2.892500,3.126693
2021-03-03,SAN,2.944500,3.130165
2021-03-04,SAN,2.942000,3.135249
2021-03-05,SAN,2.980000,3.142632
2021-03-08,SAN,3.054500,3.158035
2021-03-09,SAN,2.973500,3.166862
2021-03-10,SAN,2.961500,3.171497
2021-03-11,SAN,2.919500,3.168869
2021-03-12,SAN,2.973500,3.169128
2021-03-15,SAN,2.931000,3.165166
2021-03-16,SAN,2.914500,3.158929
2021-03-17,SAN,2.927000,3.153988
2021-03-18,SAN,2.986000,3.154625
2021-03-19,SAN,2.891000,3.147924
2021-03-22,SAN,2.842500,3.131328
2021-03-23,SAN,2.860000,3.114568
2021-03-24,SAN,2.877500,3.099538
2021-03-25,SAN,2.855500,3.084909
2021-03-26,SAN,2.896000,3.078853
2021-03-29,SAN,2.864000,3.071817
2021-03-30,SAN,2.941500,3.075695
2021-03-31,SAN,2.897000,3.078978
2021-04-01,SAN,2.883000,3.082271
2021-04-06,SAN,2.924500,3.088173
2021-04-07,SAN,2.950000,3.096253
2021-04-08,SAN,2.922000,3.103003
2021-04-09,SAN,2.903000,3.106730
2021-04-12,SAN,2.907500,3.106171
2021-04-13,SAN,2.880000,3.099487
2021-04-14,SAN,2.908500,3.095585
2021-04-15,SAN,2.839500,3.085040
2021-04-16,SAN,2.874000,3.075620
2021-04-19,SAN,2.965000,3.075872
2021-04-20,SAN,2.851500,3.068348
2021-04-21,SAN,2.817000,3.054319
2021-04-22,SAN,2.845500,3.042184
2021-04-23,SAN,2.847000,3.029770
2021-04-26,SAN,2.914000,3.028451
2021-04-27,SAN,3.060000,3.044542
2021-04-28,SAN,3.142500,3.076287
2021-04-29,SAN,3.198000,3.116442
2021-04-30,SAN,3.215000,3.162679
2021-05-03,SAN,3.197000,3.205743
2021-05-04,SAN,3.159000,3.237198
2021-05-05,SAN,3.225000,3.269245
2021-05-06,SAN,3.218500,3.298230
2021-05-07,SAN,3.216000,3.325938
2021-05-10,SAN,3.306000,3.358153
2021-05-11,SAN,3.250000,3.385310
2021-05-12,SAN,3.287500,3.410126
2021-05-13,SAN,3.264000,3.429144
2021-05-14,SAN,3.353000,3.452508
2021-05-17,SAN,3.331000,3.474393
2021-05-18,SAN,3.370500,3.495569
2021-05-19,SAN,3.292500,3.505330
2021-05-20,SAN,3.318000,3.512958
2021-05-21,SAN,3.369500,3.523998
2021-05-24,SAN,3.358500,3.536439
2021-05-25,SAN,3.374500,3.550181
2021-05-26,SAN,3.354500,3.562011
2021-05-27,SAN,3.447500,3.578027
2021-05-28,SAN,3.450500,3.597383
2021-05-31,SAN,3.424000,3.614194
2021-06-01,SAN,3.478000,3.633416
2021-06-02,SAN,3.475000,3.649987
2021-06-03,SAN,3.506000,3.666385
2021-06-04,SAN,3.442500,3.673413
2021-06-07,SAN,3.461000,3.676027
2021-06-08,SAN,3.398500,3.667969
2021-06-09,SAN,3.381000,3.650966
2021-06-10,SAN,3.446000,3.641513
2021-06-11,SAN,3.434500,3.634409
2021-06-14,SAN,3.437500,3.630874
2021-06-15,SAN,3.426000,3.629463
2021-06-16,SAN,3.364000,3.621589
2021-06-17,SAN,3.362000,3.608297
2021-06-18,SAN,3.288500,3.576236
2021-06-21,SAN,3.280000,3.543120
2021-06-22,SAN,3.287500,3.513367
2021-06-23,SAN,3.275500,3.490800
2021-06-24,SAN,3.318000,3.479276
2021-06-25,SAN,3.355500,3.480477
2021-06-28,SAN,3.262500,3.478151
2021-06-29,SAN,3.274000,3.476929
2021-06-30,SAN,3.219500,3.465948
2021-07-01,SAN,3.289500,3.464927
2021-07-02,SAN,3.222500,3.462173
2021-07-05,SAN,3.265500,3.459269
2021-07-06,SAN,3.162000,3.446894
2021-07-07,SAN,3.145000,3.426065
2021-07-08,SAN,3.057500,3.393512
2021-07-09,SAN,3.129500,3.367320
2021-07-12,SAN,3.139000,3.343505
2021-07-13,SAN,3.083500,3.321195
2021-07-14,SAN,3.104000,3.303955
2021-07-15,SAN,3.121000,3.293051
2021-07-16,SAN,3.038000,3.277208
2021-07-19,SAN,2.934500,3.252393
2021-07-20,SAN,2.954500,3.223073
2021-07-21,SAN,3.070000,3.209712
2021-07-22,SAN,3.078500,3.207373
2021-07-23,SAN,3.126000,3.216152
2021-07-26,SAN,3.189000,3.235294
2021-07-27,SAN,3.155500,3.253223
2021-07-28,SAN,3.059500,3.258776
2021-07-29,SAN,3.138000,3.267245
2021-07-30,SAN,3.087500,3.269454
2021-08-02,SAN,3.066000,3.269739
2021-08-03,SAN,3.103000,3.273046
2021-08-04,SAN,3.135500,3.281492
2021-08-05,SAN,3.150000,3.290580
2021-08-06,SAN,3.226500,3.307628
2021-08-09,SAN,3.235000,3.330487
2021-08-10,SAN,3.260500,3.354509
2021-08-11,SAN,3.295500,3.381128
2021-08-12,SAN,3.275500,3.403535
2021-08-13,SAN,3.263500,3.418738
2021-08-16,SAN,3.201000,3.420398
2021-08-17,SAN,3.142500,3.409163
2021-08-18,SAN,3.156500,3.393955
2021-08-19,SAN,3.072500,3.368257
2021-08-20,SAN,3.076000,3.340563
2021-08-23,SAN,3.121500,3.318220
2021-08-24,SAN,3.114000,3.302411
2021-08-25,SAN,3.200000,3.301370
2021-08-26,SAN,3.156000,3.303187
2021-08-27,SAN,3.166000,3.309528
2021-08-30,SAN,3.123000,3.312040
2021-08-31,SAN,3.127500,3.311630
2021-09-01,SAN,3.179500,3.317545
2021-09-02,SAN,3.139500,3.319734
2021-09-03,SAN,3.076000,3.312749
2021-09-06,SAN,3.110000,3.306866
2021-09-07,SAN,3.135500,3.303996
2021-09-08,SAN,3.063000,3.295797
2021-09-09,SAN,3.062000,3.280681
2021-09-10,SAN,3.043000,3.264562
2021-09-13,SAN,3.114000,3.257225
2021-09-14,SAN,3.091000,3.254373
2021-09-15,SAN,3.089000,3.253017
2021-09-16,SAN,3.104000,3.252777
2021-09-17,SAN,3.040000,3.239676
2021-09-20,SAN,2.894000,3.208946
2021-09-21,SAN,2.899500,3.173492
2021-09-22,SAN,2.993500,3.150971
2021-09-23,SAN,3.083000,3.148999
2021-09-24,SAN,3.099000,3.157379
2021-09-27,SAN,3.202500,3.182751
2021-09-28,SAN,3.080000,3.201478
2021-09-29,SAN,3.156500,3.222740
2021-09-30,SAN,3.136500,3.242248
2021-10-01,SAN,3.123500,3.258035
2021-10-04,SAN,3.125000,3.269236
2021-10-05,SAN,3.258000,3.289305
2021-10-06,SAN,3.239000,3.312993
2021-10-07,SAN,3.331500,3.343319
2021-10-08,SAN,3.350000,3.377011
2021-10-11,SAN,3.349000,3.412469
2021-10-12,SAN,3.383500,3.444130
2021-10-13,SAN,3.276000,3.463134
2021-10-14,SAN,3.281000,3.472145
2021-10-15,SAN,3.345500,3.483893
2021-10-18,SAN,3.330000,3.490409
2021-10-19,SAN,3.361500,3.501281
2021-10-20,SAN,3.360000,3.493097
2021-10-21,SAN,3.313500,3.482644
2021-10-22,SAN,3.282000,3.468955
2021-10-25,SAN,3.318500,3.460434
2021-10-26,SAN,3.356500,3.464988
2021-10-27,SAN,3.261000,3.460492
2021-10-28,SAN,3.280500,3.456857
2021-10-29,SAN,3.276500,3.453964
2021-11-01,SAN,3.343500,3.459350
2021-11-02,SAN,3.294500,3.462983
2021-11-03,SAN,3.310000,3.463099
2021-11-04,SAN,3.237500,3.441758
2021-11-05,SAN,3.284000,3.426067
2021-11-08,SAN,3.238000,3.412987
2021-11-09,SAN,3.191500,3.398543
2021-11-10,SAN,3.212000,3.388305
2021-11-11,SAN,3.220000,3.381933
2021-11-12,SAN,3.185500,3.374310
2021-11-15,SAN,3.211500,3.371417
2021-11-16,SAN,3.209000,3.369528
2021-11-17,SAN,3.200000,3.376907
2021-11-18,SAN,3.138000,3.366389
2021-11-19,SAN,3.058500,3.341339
2021-11-22,SAN,3.102000,3.317076
2021-11-23,SAN,3.063500,3.290685
2021-11-24,SAN,3.032000,3.262164
2021-11-25,SAN,3.055500,3.240145
2021-11-26,SAN,2.783000,3.194991
2021-11-29,SAN,2.783500,3.142241
2021-11-30,SAN,2.750000,3.082188
2021-12-01,SAN,2.822000,3.034675
2021-12-02,SAN,2.792500,2.993916
2021-12-03,SAN,2.763500,2.960179
2021-12-06,SAN,2.813500,2.939417
2021-12-07,SAN,2.818500,2.927652
2021-12-08,SAN,2.748500,2.914707
2021-12-09,SAN,2.717500,2.900576
2021-12-10,SAN,2.701000,2.887726
2021-12-13,SAN,2.658500,2.869377
2021-12-14,SAN,2.686500,2.854267
2021-12-15,SAN,2.656500,2.838339
2021-12-16,SAN,2.766500,2.835329
2021-12-17,SAN,2.775000,2.833277
2021-12-20,SAN,2.754500,2.834795
2021-12-21,SAN,2.811000,2.844496
2021-12-22,SAN,2.815500,2.860319
2021-12-23,SAN,2.901500,2.883453
2021-12-27,SAN,2.923500,2.914176
2021-12-28,SAN,2.931000,2.945925
2021-12-29,SAN,2.922500,2.975350
2021-12-30,SAN,2.940500,3.001386
2022-01-03,SAN,2.950500,3.028078
2022-01-04,SAN,3.032500,3.061903
2022-01-05,SAN,3.037500,3.093767
2022-01-06,SAN,3.085500,3.127095
2022-01-07,SAN,3.112500,3.161456
2022-01-10,SAN,3.115500,3.197309
2022-01-11,SAN,3.119000,3.226544
2022-01-12,SAN,3.113500,3.250610
2022-01-13,SAN,3.127000,3.271780
2022-01-14,SAN,3.166500,3.294026
2022-01-17,SAN,3.156500,3.313277
2022-01-18,SAN,3.140000,3.328412
2022-01-19,SAN,3.134500,3.337297
2022-01-20,SAN,3.130500,3.344623
2022-01-21,SAN,3.082500,3.336945
2022-01-24,SAN,2.943000,3.299830
2022-01-25,SAN,3.023500,3.267201
2022-01-26,SAN,3.135500,3.250029
2022-01-27,SAN,3.201500,3.252454
2022-01-28,SAN,3.146500,3.260754
2022-01-31,SAN,3.094500,3.265524
2022-02-01,SAN,3.165000,3.276316
2022-02-02,SAN,3.175500,3.290466
2022-02-03,SAN,3.299000,3.316345
2022-02-04,SAN,3.254000,3.340286
2022-02-07,SAN,3.294000,3.365363
2022-02-08,SAN,3.371000,3.397201
2022-02-09,SAN,3.433000,3.435778
2022-02-10,SAN,3.481500,3.476332
2022-02-11,SAN,3.481500,3.514425
2022-02-14,SAN,3.346500,3.532007
2022-02-15,SAN,3.423000,3.545245
2022-02-16,SAN,3.379000,3.554211
2022-02-17,SAN,3.340000,3.557298
2022-02-18,SAN,3.322000,3.554916
2022-02-21,SAN,3.285500,3.547966
2022-02-22,SAN,3.281500,3.537519
2022-02-23,SAN,3.237500,3.522828
2022-02-24,SAN,2.988500,3.477686
2022-02-25,SAN,3.118500,3.432723
2022-02-28,SAN,2.984500,3.377199
2022-03-01,SAN,2.829500,3.314011
2022-03-02,SAN,2.927000,3.253958
2022-03-03,SAN,2.870000,3.201567
2022-03-04,SAN,2.718500,3.144255
2022-03-07,SAN,2.631000,3.079302
2022-03-08,SAN,2.697000,3.024455
2022-03-09,SAN,2.892500,2.993036
2022-03-10,SAN,2.853000,2.984909
2022-03-11,SAN,2.864000,2.987708
2022-03-14,SAN,2.955000,3.005575
2022-03-15,SAN,2.983000,3.028400
2022-03-16,SAN,3.157000,3.065640
2022-03-17,SAN,3.140500,3.100150
2022-03-18,SAN,3.120000,3.133285
2022-03-21,SAN,3.129000,3.168617
2022-03-22,SAN,3.181000,3.202384
2022-03-23,SAN,3.130500,3.228776
2022-03-24,SAN,3.064000,3.243425
2022-03-25,SAN,3.057000,3.250852
2022-03-28,SAN,3.080000,3.257395
2022-03-29,SAN,3.248500,3.275241
2022-03-30,SAN,3.142500,3.290636
2022-03-31,SAN,3.100000,3.297283
2022-04-01,SAN,3.181000,3.307571
2022-04-04,SAN,3.190000,3.317065
2022-04-05,SAN,3.140000,3.322173
2022-04-06,SAN,3.038000,3.314734
2022-04-07,SAN,3.039500,3.302505
2022-04-08,SAN,3.118000,3.296249
2022-04-11,SAN,3.158000,3.295378
2022-04-12,SAN,3.133000,3.298517
2022-04-13,SAN,3.123500,3.298670
2022-04-14,SAN,3.152500,3.291125
2022-04-19,SAN,3.162000,3.285023
2022-04-20,SAN,3.212000,3.283873
2022-04-21,SAN,3.230000,3.287614
2022-04-22,SAN,3.166000,3.291753
2022-04-25,SAN,3.054000,3.283202
2022-04-26,SAN,2.846500,3.247921
2022-04-27,SAN,2.816000,3.199401
2022-04-28,SAN,2.752000,3.141174
2022-04-29,SAN,2.816500,3.087711
2022-05-02,SAN,2.740000,3.042541
2022-05-03,SAN,2.822500,3.000621
2022-05-04,SAN,2.772000,2.963084
2022-05-05,SAN,2.689500,2.928644
2022-05-06,SAN,2.650500,2.893317
2022-05-09,SAN,2.600000,2.861928
2022-05-10,SAN,2.633500,2.838892
2022-05-11,SAN,2.693000,2.828746
2022-05-12,SAN,2.653500,2.822496
2022-05-13,SAN,2.728000,2.827046
2022-05-16,SAN,2.699500,2.832429
2022-05-17,SAN,2.778000,2.848332
2022-05-18,SAN,2.740000,2.863811
2022-05-19,SAN,2.740500,2.873043
2022-05-20,SAN,2.744000,2.880071
2022-05-23,SAN,2.850000,2.896074
2022-05-24,SAN,2.893500,2.919062
2022-05-25,SAN,2.953000,2.947287
2022-05-26,SAN,3.020000,2.981438
2022-05-27,SAN,3.040000,3.017678
2022-05-30,SAN,3.078000,3.055585
2022-05-31,SAN,3.014500,3.083614
2022-06-01,SAN,2.985000,3.101484
2022-06-02,SAN,2.979500,3.115723
2022-06-03,SAN,2.963500,3.124500
2022-06-06,SAN,3.038000,3.139582
2022-06-07,SAN,2.998500,3.152141
2022-06-08,SAN,2.985000,3.162107
2022-06-09,SAN,2.906000,3.159794
2022-06-10,SAN,2.700000,3.129446
2022-06-13,SAN,2.610500,3.075724
2022-06-14,SAN,2.623000,3.015807
2022-06-15,SAN,2.690500,2.960064
2022-06-16,SAN,2.635500,2.909651
2022-06-17,SAN,2.696000,2.868375
2022-06-20,SAN,2.794000,2.851304
2022-06-21,SAN,2.797500,2.849988
2022-06-22,SAN,2.805000,2.859535
2022-06-23,SAN,2.716000,2.866176
2022-06-24,SAN,2.760000,2.874212
2022-06-27,SAN,2.770500,2.888221
2022-06-28,SAN,2.777500,2.902501
2022-06-29,SAN,2.736000,2.913531
2022-06-30,SAN,2.688000,2.912386
2022-07-01,SAN,2.684000,2.908482
2022-07-04,SAN,2.683000,2.899648
2022-07-05,SAN,2.568000,2.875951
2022-07-06,SAN,2.525500,2.844649
2022-07-07,SAN,2.615500,2.819955
2022-07-08,SAN,2.613000,2.803542
2022-07-11,SAN,2.560000,2.783794
2022-07-12,SAN,2.466500,2.753652
2022-07-13,SAN,2.446500,2.720161
2022-07-14,SAN,2.337500,2.679052
2022-07-15,SAN,2.405500,2.642662
2022-07-18,SAN,2.412000,2.612588
2022-07-19,SAN,2.512500,2.600258
2022-07-20,SAN,2.461000,2.594918
2022-07-21,SAN,2.453500,2.593520
2022-07-22,SAN,2.433000,2.592132
2022-07-25,SAN,2.455500,2.593757
2022-07-26,SAN,2.437500,2.597387
2022-07-27,SAN,2.488500,2.605177
2022-07-28,SAN,2.429000,2.607119
2022-07-29,SAN,2.440000,2.607517
2022-08-01,SAN,2.393000,2.600169
2022-08-02,SAN,2.384500,2.590839
2022-08-03,SAN,2.433500,2.584845
2022-08-04,SAN,2.459500,2.585893
2022-08-05,SAN,2.501000,2.594526
2022-08-08,SAN,2.554000,2.613670
2022-08-09,SAN,2.556000,2.634045
2022-08-10,SAN,2.614500,2.661226
2022-08-11,SAN,2.636500,2.691316
2022-08-12,SAN,2.666500,2.724000
2022-08-15,SAN,2.638500,2.749316
2022-08-16,SAN,2.659500,2.773529
2022-08-17,SAN,2.621500,2.789861
2022-08-18,SAN,2.620500,2.800713
2022-08-19,SAN,2.532000,2.794111
2022-08-22,SAN,2.497000,2.775652
2022-08-23,SAN,2.497000,2.752921
2022-08-24,SAN,2.473500,2.726789
2022-08-25,SAN,2.445500,2.697296
2022-08-26,SAN,2.407500,2.665249
2022-08-29,SAN,2.406500,2.632661
2022-08-30,SAN,2.447500,2.611820
2022-08-31,SAN,2.417000,2.592099
2022-09-01,SAN,2.380500,2.573770
2022-09-02,SAN,2.428500,2.565588
2022-09-05,SAN,2.395000,2.559585
2022-09-06,SAN,2.410000,2.557967
2022-09-07,SAN,2.384500,2.554977
2022-09-08,SAN,2.450500,2.561280
2022-09-09,SAN,2.535000,2.582081
2022-09-12,SAN,2.638000,2.619227
2022-09-13,SAN,2.575000,2.652785
2022-09-14,SAN,2.585500,2.683440
2022-09-15,SAN,2.676500,2.714722
2022-09-16,SAN,2.650500,2.739613
2022-09-19,SAN,2.640000,2.760405
2022-09-20,SAN,2.637000,2.776958
2022-09-21,SAN,2.581500,2.783090
2022-09-22,SAN,2.602500,2.788121
2022-09-23,SAN,2.524500,2.781356
2022-09-26,SAN,2.496500,2.765938
2022-09-27,SAN,2.431000,2.739008
2022-09-28,SAN,2.438000,2.709558
2022-09-29,SAN,2.381500,2.676607
2022-09-30,SAN,2.397500,2.646609
2022-10-03,SAN,2.464500,2.627280
2022-10-04,SAN,2.636500,2.635824
2022-10-05,SAN,2.575500,2.652880
2022-10-06,SAN,2.550000,2.672543
2022-10-07,SAN,2.526500,2.687873
2022-10-10,SAN,2.498500,2.695712
2022-10-11,SAN,2.458000,2.692327
2022-10-12,SAN,2.416500,2.681620
2022-10-13,SAN,2.497000,2.673773
2022-10-14,SAN,2.530500,2.673499
2022-10-17,SAN,2.566500,2.680184
2022-10-18,SAN,2.621000,2.697803
2022-10-19,SAN,2.634500,2.703459
2022-10-20,SAN,2.668500,2.715609
2022-10-21,SAN,2.658000,2.731216
2022-10-24,SAN,2.724000,2.756350
2022-10-25,SAN,2.738500,2.786154
2022-10-26,SAN,2.649000,2.803485
2022-10-27,SAN,2.625000,2.812153
2022-10-28,SAN,2.658000,2.818182
2022-10-31,SAN,2.622000,2.822043
2022-11-01,SAN,2.643500,2.825721
2022-11-02,SAN,2.621500,2.832152
2022-11-03,SAN,2.590000,2.819926
2022-11-04,SAN,2.669000,2.816457
2022-11-07,SAN,2.660500,2.816121
2022-11-08,SAN,2.645000,2.816372
2022-11-09,SAN,2.612500,2.814019
2022-11-10,SAN,2.553500,2.801399
2022-11-11,SAN,2.527500,2.780943
2022-11-14,SAN,2.572000,2.765517
2022-11-15,SAN,2.608500,2.758947
2022-11-16,SAN,2.575500,2.755852
2022-11-17,SAN,2.529500,2.746367
2022-11-18,SAN,2.606000,2.742833
2022-11-21,SAN,2.688500,2.753077
2022-11-22,SAN,2.777000,2.776187
2022-11-23,SAN,2.774000,2.803402
2022-11-24,SAN,2.785500,2.834737
2022-11-25,SAN,2.833500,2.868821
2022-11-28,SAN,2.802500,2.897464
2022-11-29,SAN,2.835500,2.924809
2022-11-30,SAN,2.850500,2.947528
2022-12-01,SAN,2.816500,2.963555
2022-12-02,SAN,2.812500,2.975730
2022-12-05,SAN,2.809500,2.986982
2022-12-06,SAN,2.811500,2.998046
2022-12-07,SAN,2.797000,3.004542
2022-12-08,SAN,2.772500,3.004914
2022-12-09,SAN,2.786000,3.005039
2022-12-12,SAN,2.773500,3.000072
2022-12-13,SAN,2.798500,2.998631
2022-12-14,SAN,2.765000,2.994139
2022-12-15,SAN,2.696500,2.973213
2022-12-16,SAN,2.723500,2.945506
2022-12-19,SAN,2.717000,2.919098
2022-12-20,SAN,2.812500,2.912579
2022-12-21,SAN,2.848500,2.922104
2022-12-22,SAN,2.809500,2.932975
2022-12-23,SAN,2.795000,2.945300
2022-12-27,SAN,2.815000,2.959822
2022-12-28,SAN,2.798000,2.971907
2022-12-29,SAN,2.818000,2.982679
2022-12-30,SAN,2.802500,2.988517
2023-01-02,SAN,2.849500,3.003471
2023-01-03,SAN,2.857000,3.015606
2023-01-04,SAN,2.963000,3.040551
2023-01-05,SAN,2.974000,3.069096
2023-01-06,SAN,3.046500,3.103317
2023-01-09,SAN,3.019500,3.131786
2023-01-10,SAN,3.036000,3.158268
2023-01-11,SAN,3.014500,3.176833
2023-01-12,SAN,3.083000,3.197860
2023-01-13,SAN,3.136500,3.222126
2023-01-16,SAN,3.099000,3.241727
2023-01-17,SAN,3.107500,3.259114
2023-01-18,SAN,3.134500,3.279458
2023-01-19,SAN,3.047500,3.283148
2023-01-20,SAN,3.097000,3.286327
2023-01-23,SAN,3.095500,3.290121
2023-01-24,SAN,3.104000,3.296008
2023-01-25,SAN,3.093500,3.297512
2023-01-26,SAN,3.194000,3.309705
2023-01-27,SAN,3.171500,3.323376
2023-01-30,SAN,3.195000,3.338709
2023-01-31,SAN,3.203000,3.357997
2023-02-01,SAN,3.248500,3.379632
2023-02-02,SAN,3.434500,3.408962
2023-02-03,SAN,3.498500,3.445700
2023-02-06,SAN,3.445500,3.478805
2023-02-07,SAN,3.520000,3.515769
2023-02-08,SAN,3.528500,3.556020
2023-02-09,SAN,3.502000,3.590366
2023-02-10,SAN,3.448500,3.611339
2023-02-13,SAN,3.480500,3.630341
2023-02-14,SAN,3.500500,3.650211
2023-02-15,SAN,3.471000,3.667607
2023-02-16,SAN,3.554000,3.691348
2023-02-17,SAN,3.524000,3.708326
2023-02-20,SAN,3.510500,3.721068
2023-02-21,SAN,3.523000,3.733585
2023-02-22,SAN,3.467000,3.735970
2023-02-23,SAN,3.520000,3.738362
2023-02-24,SAN,3.480000,3.734635
2023-02-27,SAN,3.552500,3.736548
2023-02-28,SAN,3.722500,3.750924
2023-03-01,SAN,3.690000,3.770245
2023-03-02,SAN,3.683500,3.791839
2023-03-03,SAN,3.797000,3.820232
2023-03-06,SAN,3.858000,3.853330
2023-03-07,SAN,3.765500,3.878210
2023-03-08,SAN,3.819000,3.900332
2023-03-09,SAN,3.768500,3.918106
2023-03-10,SAN,3.610000,3.912157
2023-03-13,SAN,3.344500,3.874278
2023-03-14,SAN,3.445500,3.831427
2023-03-15,SAN,3.208000,3.766851
2023-03-16,SAN,3.291500,3.703785
2023-03-17,SAN,3.138500,3.630508
2023-03-20,SAN,3.225500,3.563174
2023-03-21,SAN,3.376000,3.520664
2023-03-22,SAN,3.383500,3.500113
2023-03-23,SAN,3.319500,3.491147
2023-03-24,SAN,3.220000,3.487007
2023-03-27,SAN,3.290000,3.489873
2023-03-28,SAN,3.323500,3.502326
2023-03-29,SAN,3.381000,3.522505
2023-03-30,SAN,3.452000,3.551042
2023-03-31,SAN,3.426000,3.580349
2023-04-03,SAN,3.438000,3.608395
2023-04-04,SAN,3.446000,3.625823
2023-04-05,SAN,3.418000,3.635944
2023-04-06,SAN,3.524000,3.647791
2023-04-11,SAN,3.424000,3.653788
2023-04-12,SAN,3.482500,3.657826
2023-04-13,SAN,3.479500,3.660710
2023-04-14,SAN,3.610500,3.672425
2023-04-17,SAN,3.539500,3.682998
2023-04-18,SAN,3.600000,3.685415
2023-04-19,SAN,3.637500,3.686405
2023-04-20,SAN,3.581500,3.689957
2023-04-21,SAN,3.544500,3.688197
2023-04-24,SAN,3.541500,3.690643
2023-04-25,SAN,3.330000,3.673529
2023-04-26,SAN,3.294000,3.645503
2023-04-27,SAN,3.283000,3.610681
2023-04-28,SAN,3.186500,3.564813
2023-05-02,SAN,3.104000,3.507534
2023-05-03,SAN,3.120000,3.453665
2023-05-04,SAN,3.057000,3.398043
2023-05-05,SAN,3.149000,3.350064
2023-05-08,SAN,3.187000,3.325429
2023-05-09,SAN,3.185000,3.311162
2023-05-10,SAN,3.143500,3.306451
2023-05-11,SAN,3.139000,3.306540
2023-05-12,SAN,3.142500,3.309543
2023-05-15,SAN,3.148000,3.317308
2023-05-16,SAN,3.139500,3.321829
2023-05-17,SAN,3.158000,3.328516
2023-05-18,SAN,3.175500,3.332808
2023-05-19,SAN,3.200000,3.339804
2023-05-22,SAN,3.229500,3.347850
2023-05-23,SAN,3.225000,3.356877
2023-05-24,SAN,3.141500,3.354522
2023-05-25,SAN,3.155000,3.348738
2023-05-26,SAN,3.197000,3.345779
2023-05-29,SAN,3.142500,3.340471
2023-05-30,SAN,3.110500,3.330449
2023-05-31,SAN,3.045000,3.309800
2023-06-01,SAN,3.114500,3.295608
2023-06-02,SAN,3.210000,3.298010
2023-06-05,SAN,3.183000,3.306475
2023-06-06,SAN,3.209000,3.319855
2023-06-07,SAN,3.211000,3.334936
2023-06-08,SAN,3.227000,3.353325
2023-06-09,SAN,3.201500,3.367636
2023-06-12,SAN,3.189000,3.372981
2023-06-13,SAN,3.192000,3.376330
2023-06-14,SAN,3.250000,3.386347
2023-06-15,SAN,3.194000,3.390038
2023-06-16,SAN,3.220500,3.390561
2023-06-19,SAN,3.212000,3.390477
2023-06-20,SAN,3.193000,3.390195
2023-06-21,SAN,3.204000,3.390298
2023-06-22,SAN,3.156000,3.383744
2023-06-23,SAN,3.066000,3.362131
2023-06-26,SAN,3.083500,3.337834
2023-06-27,SAN,3.195500,3.328661
2023-06-28,SAN,3.310000,3.339358
2023-06-29,SAN,3.341500,3.361858
2023-06-30,SAN,3.385000,3.395227
2023-07-03,SAN,3.440000,3.431019
2023-07-04,SAN,3.380500,3.461385
2023-07-05,SAN,3.347500,3.482178
2023-07-06,SAN,3.244500,3.485012
2023-07-07,SAN,3.264000,3.480246
2023-07-10,SAN,3.276000,3.475460
2023-07-11,SAN,3.334500,3.478866
2023-07-12,SAN,3.473500,3.497152
2023-07-13,SAN,3.490500,3.523227
2023-07-14,SAN,3.460500,3.550804
2023-07-17,SAN,3.448500,3.576342
2023-07-18,SAN,3.510000,3.601577
2023-07-19,SAN,3.498000,3.626387
2023-07-20,SAN,3.525000,3.649341
2023-07-21,SAN,3.528500,3.670840
2023-07-24,SAN,3.520000,3.687831
2023-07-25,SAN,3.538000,3.706324
2023-07-26,SAN,3.649000,3.731958
2023-07-27,SAN,3.708000,3.759935
2023-07-28,SAN,3.677500,3.784949
2023-07-31,SAN,3.683500,3.810016
2023-08-01,SAN,3.599000,3.822724
2023-08-02,SAN,3.527500,3.816699
2023-08-03,SAN,3.585500,3.809925
2023-08-04,SAN,3.608500,3.806676
2023-08-07,SAN,3.621000,3.809012
2023-08-08,SAN,3.523000,3.800071
2023-08-09,SAN,3.549500,3.796126
2023-08-10,SAN,3.647500,3.802228
2023-08-11,SAN,3.592500,3.806077
2023-08-14,SAN,3.596500,3.812033
2023-08-15,SAN,3.567000,3.813433
2023-08-16,SAN,3.556500,3.813683
2023-08-17,SAN,3.557000,3.812106
2023-08-18,SAN,3.551500,3.807394
2023-08-21,SAN,3.561000,3.804034
2023-08-22,SAN,3.576500,3.803347
2023-08-23,SAN,3.534000,3.796929
2023-08-24,SAN,3.536000,3.791523
2023-08-25,SAN,3.538000,3.784572
2023-08-28,SAN,3.574500,3.784540
2023-08-29,SAN,3.631500,3.793752
2023-08-30,SAN,3.628500,3.805945
2023-08-31,SAN,3.602000,3.811881
2023-09-01,SAN,3.519500,3.803374
2023-09-04,SAN,3.515000,3.787527
2023-09-05,SAN,3.503000,3.767651
2023-09-06,SAN,3.407000,3.734626
2023-09-07,SAN,3.376000,3.694824
2023-09-08,SAN,3.408000,3.659388
2023-09-11,SAN,3.434000,3.634669
2023-09-12,SAN,3.446000,3.618965
2023-09-13,SAN,3.454000,3.611261
2023-09-14,SAN,3.525500,3.620095
2023-09-15,SAN,3.491500,3.626590
2023-09-18,SAN,3.445500,3.629813
2023-09-19,SAN,3.464000,3.634256
2023-09-20,SAN,3.523000,3.645608
2023-09-21,SAN,3.506500,3.655889
2023-09-22,SAN,3.482000,3.662801
2023-09-25,SAN,3.450000,3.662356
2023-09-26,SAN,3.434500,3.657136
2023-09-27,SAN,3.494500,3.657191
2023-09-28,SAN,3.650000,3.677107
2023-09-29,SAN,3.618500,3.699294
2023-10-02,SAN,3.572500,3.714834
2023-10-03,SAN,3.555000,3.726259
2023-10-04,SAN,3.522500,3.730129
2023-10-05,SAN,3.550500,3.733558
2023-10-06,SAN,3.609500,3.741953
2023-10-09,SAN,3.512500,3.740487
2023-10-10,SAN,3.607000,3.746118
2023-10-11,SAN,3.610500,3.756144
2023-10-12,SAN,3.587000,3.769526
2023-10-13,SAN,3.513000,3.770045
2023-10-16,SAN,3.576000,3.771737
2023-10-17,SAN,3.572000,3.774430
2023-10-18,SAN,3.511000,3.770475
2023-10-19,SAN,3.508500,3.762227
2023-10-20,SAN,3.456500,3.744711
2023-10-23,SAN,3.421500,3.710781
2023-10-24,SAN,3.381500,3.667074
2023-10-25,SAN,3.461000,3.634693
2023-10-26,SAN,3.511000,3.619188
2023-10-27,SAN,3.481000,3.613155
2023-10-30,SAN,3.569500,3.621600
2023-10-31,SAN,3.466000,3.626892
2023-11-01,SAN,3.500500,3.635421
2023-11-02,SAN,3.585000,3.653785
2023-11-03,SAN,3.577500,3.674712
2023-11-06,SAN,3.540000,3.694556
2023-11-07,SAN,3.521000,3.701766
2023-11-08,SAN,3.548500,3.708186
2023-11-09,SAN,3.597000,3.718947
2023-11-10,SAN,3.609000,3.731971
2023-11-13,SAN,3.650000,3.753424
2023-11-14,SAN,3.683500,3.775987
2023-11-15,SAN,3.670000,3.796891
2023-11-16,SAN,3.690000,3.817921
2023-11-17,SAN,3.723500,3.836787
2023-11-20,SAN,3.734000,3.855763
2023-11-21,SAN,3.726000,3.875617
2023-11-22,SAN,3.746500,3.891034
2023-11-23,SAN,3.760500,3.907403
2023-11-24,SAN,3.768000,3.924498
2023-11-27,SAN,3.719500,3.931676
2023-11-28,SAN,3.779500,3.940962
2023-11-29,SAN,3.798000,3.950783
2023-11-30,SAN,3.801000,3.960425
2023-12-01,SAN,3.837000,3.975969
2023-12-04,SAN,3.848000,3.992095
2023-12-05,SAN,3.920000,4.014195
2023-12-06,SAN,3.956500,4.041101
2023-12-07,SAN,3.865500,4.052854
2023-12-08,SAN,3.940000,4.065459
2023-12-11,SAN,3.941000,4.077778
2023-12-12,SAN,3.875500,4.082087
2023-12-13,SAN,3.838000,4.077854
2023-12-14,SAN,3.884000,4.076498
2023-12-15,SAN,3.799500,4.062776
2023-12-18,SAN,3.788000,4.045939
2023-12-19,SAN,3.792500,4.032645
2023-12-20,SAN,3.789000,4.022057
2023-12-21,SAN,3.793000,4.013391
2023-12-22,SAN,3.808000,4.011612
2023-12-27,SAN,3.810000,4.012539
2023-12-28,SAN,3.787500,4.012159
2023-12-29,SAN,3.779500,4.010073
2024-01-02,SAN,3.853500,4.018302
2024-01-03,SAN,3.799500,4.023819
2024-01-04,SAN,3.880000,4.034988
2024-01-05,SAN,3.912500,4.050836
2024-01-08,SAN,3.929500,4.069653
2024-01-09,SAN,3.891500,4.081798
2024-01-10,SAN,3.849000,4.084448
2024-01-11,SAN,3.793000,4.076187
2024-01-12,SAN,3.801500,4.062105
2024-01-15,SAN,3.760000,4.042320
2024-01-16,SAN,3.714500,4.017693
2024-01-17,SAN,3.664500,3.982918
2024-01-18,SAN,3.717500,3.956892
2024-01-19,SAN,3.710000,3.936843
2024-01-22,SAN,3.734000,3.925990
2024-01-23,SAN,3.670500,3.913589
2024-01-24,SAN,3.728500,3.907493
2024-01-25,SAN,3.630000,3.894108
2024-01-26,SAN,3.647500,3.882140
2024-01-29,SAN,3.572000,3.862775
2024-01-30,SAN,3.659500,3.851997
2024-01-31,SAN,3.735500,3.852796
2024-02-01,SAN,3.740000,3.862878
2024-02-02,SAN,3.878500,3.885647
2024-02-05,SAN,3.684500,3.894030
2024-02-06,SAN,3.747500,3.900391
2024-02-07,SAN,3.676000,3.903687
2024-02-08,SAN,3.655000,3.899335
2024-02-09,SAN,3.675000,3.894605
2024-02-12,SAN,3.705000,3.893318
2024-02-13,SAN,3.661500,3.892691
2024-02-14,SAN,3.669000,3.892106
2024-02-15,SAN,3.670500,3.889963
2024-02-16,SAN,3.673000,3.891443
2024-02-19,SAN,3.737500,3.900057
2024-02-20,SAN,3.800000,3.916647
2024-02-21,SAN,3.816500,3.936012
2024-02-22,SAN,3.839000,3.957309
2024-02-23,SAN,3.834500,3.975928
2024-02-26,SAN,3.820500,3.989013
2024-02-27,SAN,3.821000,3.997678
2024-02-28,SAN,3.859000,4.007942
2024-02-29,SAN,3.845500,4.015775
2024-03-01,SAN,3.872000,4.024850
2024-03-04,SAN,3.856000,4.033538
2024-03-05,SAN,3.865000,4.043098
2024-03-06,SAN,3.907000,4.055954
2024-03-07,SAN,3.980500,4.076620
2024-03-08,SAN,3.992500,4.100850
2024-03-11,SAN,3.984000,4.121659
2024-03-12,SAN,4.058000,4.146297
2024-03-13,SAN,4.093000,4.173751
2024-03-14,SAN,4.048500,4.192671
2024-03-15,SAN,4.117500,4.208859
2024-03-18,SAN,4.137500,4.227500
2024-03-19,SAN,4.189000,4.252802
2024-03-20,SAN,4.190000,4.281039
2024-03-21,SAN,4.278000,4.315931
2024-03-22,SAN,4.366500,4.355933
2024-03-25,SAN,4.413500,4.401287
2024-03-26,SAN,4.460000,4.449719
2024-03-27,SAN,4.503000,4.497739
2024-03-28,SAN,4.521500,4.543194
2024-04-02,SAN,4.515000,4.588263
2024-04-03,SAN,4.583500,4.628813
2024-04-04,SAN,4.675500,4.669754
2024-04-05,SAN,4.586500,4.698619
2024-04-08,SAN,4.641000,4.728060
2024-04-09,SAN,4.565500,4.748425
2024-04-10,SAN,4.576500,4.765059
2024-04-11,SAN,4.456000,4.767597
2024-04-12,SAN,4.448000,4.765261
2024-04-15,SAN,4.470500,4.761616
2024-04-16,SAN,4.357000,4.746201
2024-04-17,SAN,4.418000,4.733048
2024-04-18,SAN,4.544500,4.734099
2024-04-19,SAN,4.511500,4.734855
2024-04-22,SAN,4.667000,4.749720
2024-04-23,SAN,4.747500,4.769844
2024-04-24,SAN,4.779500,4.800728
2024-04-25,SAN,4.748000,4.829620
2024-04-26,SAN,4.850500,4.863552
2024-04-29,SAN,4.750500,4.892090
2024-04-30,SAN,4.573000,4.900566
2024-05-02,SAN,4.565500,4.899384
2024-05-03,SAN,4.530500,4.891859
2024-05-06,SAN,4.570500,4.883165
2024-05-07,SAN,4.728000,4.885491
2024-05-08,SAN,4.771500,4.899643
2024-05-09,SAN,4.770000,4.915897
2024-05-10,SAN,4.734500,4.931851
2024-05-13,SAN,4.755500,4.949548
2024-05-14,SAN,4.752500,4.963588
2024-05-15,SAN,4.812000,4.981171
2024-05-16,SAN,4.804500,4.998898
2024-05-17,SAN,4.860500,5.017952
2024-05-20,SAN,4.878000,5.041023
2024-05-21,SAN,4.842000,5.059974
2024-05-22,SAN,4.805000,5.070736
2024-05-23,SAN,4.783500,5.074819
2024-05-24,SAN,4.752500,5.071674
2024-05-27,SAN,4.759500,5.066904
2024-05-28,SAN,4.761500,5.061931
2024-05-29,SAN,4.689000,5.049230
2024-05-30,SAN,4.788000,5.041755
2024-05-31,SAN,4.834500,5.042421
2024-06-03,SAN,4.851000,5.048289
2024-06-04,SAN,4.740500,5.046995
2024-06-05,SAN,4.680000,5.036474
2024-06-06,SAN,4.743500,5.028910
2024-06-07,SAN,4.734000,5.023684
2024-06-10,SAN,4.711000,5.016195
2024-06-11,SAN,4.606500,5.000521
2024-06-12,SAN,4.600000,4.979201
2024-06-13,SAN,4.401000,4.942495
2024-06-14,SAN,4.378500,4.894861
2024-06-17,SAN,4.410000,4.845919
2024-06-18,SAN,4.452000,4.805206
2024-06-19,SAN,4.451500,4.770206
2024-06-20,SAN,4.441000,4.743289
2024-06-21,SAN,4.335000,4.710589
2024-06-24,SAN,4.409000,4.689155
2024-06-25,SAN,4.380500,4.671795
2024-06-26,SAN,4.344500,4.658363
2024-06-27,SAN,4.337000,4.646851
2024-06-28,SAN,4.330500,4.638375
2024-07-01,SAN,4.447500,4.641381
2024-07-02,SAN,4.323500,4.639438
2024-07-03,SAN,4.418500,4.644086
2024-07-04,SAN,4.507000,4.656231
2024-07-05,SAN,4.445000,4.668613
2024-07-08,SAN,4.447500,4.677670
2024-07-09,SAN,4.384500,4.677997
2024-07-10,SAN,4.497500,4.682719
2024-07-11,SAN,4.462500,4.687431
2024-07-12,SAN,4.509000,4.695415
2024-07-15,SAN,4.451000,4.701762
2024-07-16,SAN,4.440500,4.703740
2024-07-17,SAN,4.474000,4.708532
2024-07-18,SAN,4.488000,4.716041
2024-07-19,SAN,4.434500,4.715328
2024-07-22,SAN,4.531000,4.721694
2024-07-23,SAN,4.566500,4.732480
2024-07-24,SAN,4.705000,4.755595
2024-07-25,SAN,4.554000,4.768238
2024-07-26,SAN,4.530000,4.775388
2024-07-29,SAN,4.468000,4.775258
2024-07-30,SAN,4.512000,4.774080
2024-07-31,SAN,4.455000,4.768492
2024-08-01,SAN,4.257500,4.744256
2024-08-02,SAN,4.049000,4.696744
2024-08-05,SAN,3.985000,4.629772
2024-08-06,SAN,3.964000,4.555605
2024-08-07,SAN,4.069000,4.493202
2024-08-08,SAN,4.065000,4.437494
2024-08-09,SAN,4.099000,4.395463
2024-08-12,SAN,4.089000,4.362801
2024-08-13,SAN,4.113000,4.344829
2024-08-14,SAN,4.100000,4.334669
2024-08-15,SAN,4.224500,4.341809
2024-08-16,SAN,4.228000,4.361979
2024-08-19,SAN,4.285000,4.393455
2024-08-20,SAN,4.240000,4.418292
2024-08-21,SAN,4.255500,4.440130
2024-08-22,SAN,4.276500,4.457765
2024-08-23,SAN,4.351500,4.476638
2024-08-26,SAN,4.327000,4.491497
2024-08-27,SAN,4.436500,4.511321
2024-08-28,SAN,4.466000,4.533598
2024-08-29,SAN,4.488500,4.560882
2024-08-30,SAN,4.496000,4.585629
2024-09-02,SAN,4.476500,4.607951
2024-09-03,SAN,4.371500,4.615978
2024-09-04,SAN,4.354500,4.616080
2024-09-05,SAN,4.387500,4.617709
2024-09-06,SAN,4.292500,4.611655
2024-09-09,SAN,4.342000,4.606997
2024-09-10,SAN,4.246500,4.595877
2024-09-11,SAN,4.246000,4.581561
2024-09-12,SAN,4.326500,4.575518
2024-09-13,SAN,4.405500,4.581942
2024-09-16,SAN,4.440500,4.596547
2024-09-17,SAN,4.511000,4.618581
2024-09-18,SAN,4.508500,4.645868
2024-09-19,SAN,4.600000,4.676623
2024-09-20,SAN,4.558500,4.699734
2024-09-23,SAN,4.488500,4.714577
2024-09-24,SAN,4.554000,4.728644
2024-09-25,SAN,4.520500,4.739155
2024-09-26,SAN,4.635500,4.757217
2024-09-27,SAN,4.655000,4.779927
2024-09-30,SAN,4.600500,4.798148
2024-10-01,SAN,4.376000,4.795307
2024-10-02,SAN,4.426000,4.783618
2024-10-03,SAN,4.427000,4.769731
2024-10-04,SAN,4.480000,4.759524
2024-10-07,SAN,4.560000,4.755812
2024-10-08,SAN,4.562000,4.759429
2024-10-09,SAN,4.534500,4.763264
2024-10-10,SAN,4.535000,4.769761
2024-10-11,SAN,4.572500,4.779804
2024-10-14,SAN,4.606000,4.792435
2024-10-15,SAN,4.634000,4.808207
2024-10-16,SAN,4.610000,4.824786
2024-10-17,SAN,4.581500,4.837224
2024-10-18,SAN,4.640000,4.851387
2024-10-21,SAN,4.580000,4.858650
2024-10-22,SAN,4.615500,4.865033
2024-10-23,SAN,4.611000,4.869980
2024-10-24,SAN,4.563500,4.867588
2024-10-25,SAN,4.575500,4.865081
2024-10-28,SAN,4.632500,4.867808
2024-10-29,SAN,4.493000,4.857089
2024-10-30,SAN,4.410000,4.832975
2024-10-31,SAN,4.492000,4.811224
2024-11-01,SAN,4.611000,4.806243
2024-11-04,SAN,4.604500,4.807234
2024-11-05,SAN,4.631500,4.816712
2024-11-06,SAN,4.410000,4.809355
2024-11-07,SAN,4.519500,4.802713
2024-11-08,SAN,4.434500,4.789987
2024-11-11,SAN,4.527000,4.785111
2024-11-12,SAN,4.402500,4.773706
2024-11-13,SAN,4.403500,4.761123
2024-11-14,SAN,4.498000,4.755865
2024-11-15,SAN,4.576500,4.760046
2024-11-18,SAN,4.620000,4.771393
2024-11-19,SAN,4.547500,4.782272
2024-11-20,SAN,4.506000,4.789166
2024-11-21,SAN,4.527500,4.796063
2024-11-22,SAN,4.368000,4.787313
2024-11-25,SAN,4.436000,4.776645
2024-11-26,SAN,4.391500,4.760717
2024-11-27,SAN,4.375500,4.742540
2024-11-28,SAN,4.374000,4.724778
2024-11-29,SAN,4.375500,4.705660
2024-12-02,SAN,4.375500,4.688404
2024-12-03,SAN,4.439000,4.680487
2024-12-04,SAN,4.475000,4.681245
2024-12-05,SAN,4.680000,4.701304
2024-12-06,SAN,4.643000,4.728005
2024-12-09,SAN,4.651500,4.757100
2024-12-10,SAN,4.676500,4.785050
2024-12-11,SAN,4.637500,4.807974
2024-12-12,SAN,4.662000,4.825868
2024-12-13,SAN,4.683000,4.845226
2024-12-16,SAN,4.671500,4.860446
2024-12-17,SAN,4.460000,4.854861
2024-12-18,SAN,4.505500,4.843141
2024-12-19,SAN,4.398500,4.821704
2024-12-20,SAN,4.356500,4.785031
2024-12-23,SAN,4.331500,4.745462
2024-12-24,SAN,4.321000,4.708075
2024-12-27,SAN,4.388000,4.677648
2024-12-30,SAN,4.396500,4.656488
2024-12-31,SAN,4.464500,4.648883
2025-01-02,SAN,4.403000,4.645494
2025-01-03,SAN,4.398500,4.643236
2025-01-06,SAN,4.550000,4.659177
2025-01-07,SAN,4.594000,4.685116
2025-01-08,SAN,4.569500,4.714272
2025-01-09,SAN,4.569500,4.738930
2025-01-10,SAN,4.568500,4.759400
2025-01-13,SAN,4.588000,4.779738
2025-01-14,SAN,4.686000,4.804431
2025-01-15,SAN,4.765500,4.834556
2025-01-16,SAN,4.782500,4.866814
2025-01-17,SAN,4.799500,4.899738
2025-01-20,SAN,4.895000,4.938373
2025-01-21,SAN,4.789500,4.965647
2025-01-22,SAN,4.738000,4.979265
2025-01-23,SAN,4.854000,4.997158
2025-01-24,SAN,4.882500,5.018171
2025-01-27,SAN,4.902000,5.042682
2025-01-28,SAN,4.914000,5.068213
2025-01-29,SAN,5.007000,5.099399
2025-01-30,SAN,5.027000,5.132086
2025-01-31,SAN,4.964000,5.158846
2025-02-03,SAN,4.841500,5.168307
2025-02-04,SAN,4.988500,5.178200
2025-02-05,SAN,5.402000,5.208270
2025-02-06,SAN,5.628000,5.259436
2025-02-07,SAN,5.527000,5.314785
2025-02-10,SAN,5.484000,5.371711
2025-02-11,SAN,5.656000,5.433250
2025-02-12,SAN,5.767000,5.500522
2025-02-13,SAN,5.721000,5.566544
2025-02-14,SAN,5.792000,5.630355
2025-02-17,SAN,5.810000,5.699216
2025-02-18,SAN,5.961000,5.775225
2025-02-19,SAN,5.805000,5.845019
2025-02-20,SAN,5.819000,5.906271
2025-02-21,SAN,5.884000,5.961061
2025-02-24,SAN,5.955000,6.017091
2025-02-25,SAN,6.045000,6.074361
2025-02-26,SAN,6.232000,6.134581
2025-02-27,SAN,6.198000,6.190521
2025-02-28,SAN,6.222000,6.244574
2025-03-03,SAN,6.297000,6.295567
2025-03-04,SAN,5.916000,6.320520
2025-03-05,SAN,6.160000,6.345560
2025-03-06,SAN,6.311000,6.379618
2025-03-07,SAN,6.223000,6.413606
2025-03-10,SAN,5.951000,6.433599
2025-03-11,SAN,5.862000,6.438817
2025-03-12,SAN,6.002000,6.441714
2025-03-13,SAN,6.006000,6.441118
2025-03-14,SAN,6.214000,6.451231
2025-03-17,SAN,6.327000,6.469668
2025-03-18,SAN,6.580000,6.502276
2025-03-19,SAN,6.561000,6.541965
2025-03-20,SAN,6.400000,6.577670
2025-03-21,SAN,6.440000,6.605623
2025-03-24,SAN,6.502000,6.636916
2025-03-25,SAN,6.619000,6.676347
2025-03-26,SAN,6.502000,6.713323
2025-03-27,SAN,6.452000,6.746517
2025-03-28,SAN,6.318000,6.768804
2025-03-31,SAN,6.196000,6.772250
2025-04-01,SAN,6.323000,6.773510
2025-04-02,SAN,6.352000,6.772102
2025-04-03,SAN,6.022000,6.748838
2025-04-04,SAN,5.494000,6.689356
2025-04-07,SAN,5.243000,6.570440
2025-04-08,SAN,5.504000,6.451114
2025-04-09,SAN,5.365000,6.321011
2025-04-10,SAN,5.662000,6.231342
2025-04-11,SAN,5.588000,6.155053
2025-04-14,SAN,5.798000,6.111359
2025-04-15,SAN,6.006000,6.093404
2025-04-16,SAN,6.025000,6.097708
2025-04-17,SAN,5.942000,6.119823
2025-04-22,SAN,6.053000,6.164540
2025-04-23,SAN,6.320000,6.240169
2025-04-24,SAN,6.254000,6.304431
2025-04-25,SAN,6.416000,6.373870
2025-04-28,SAN,6.535000,6.430955
2025-04-29,SAN,6.433000,6.491381
2025-04-30,SAN,6.182000,6.529753
2025-05-02,SAN,6.337000,6.564803
2025-05-05,SAN,6.384000,6.590658
2025-05-06,SAN,6.349000,6.613939
2025-05-07,SAN,6.351000,6.636348
2025-05-08,SAN,6.561000,6.663315
2025-05-09,SAN,6.653000,6.695475
2025-05-12,SAN,6.765000,6.739606
2025-05-13,SAN,6.783000,6.785157
2025-05-14,SAN,6.897000,6.832554
2025-05-15,SAN,6.870000,6.885687
2025-05-16,SAN,6.913000,6.936482
2025-05-19,SAN,6.943000,6.984669
2025-05-20,SAN,7.044000,7.034730
2025-05-21,SAN,7.036000,7.086557
2025-05-22,SAN,7.074000,7.138846
2025-05-23,SAN,6.970000,7.182670
2025-05-26,SAN,7.058000,7.226942
2025-05-27,SAN,7.105000,7.271565
2025-05-28,SAN,7.034000,7.312288
2025-05-29,SAN,7.030000,7.347638
2025-05-30,SAN,7.031000,7.377767
2025-06-02,SAN,7.041000,7.404109
2025-06-03,SAN,7.000000,7.424524
2025-06-04,SAN,6.950000,7.434921
2025-06-05,SAN,7.049000,7.448804
2025-06-06,SAN,7.078000,7.463056
2025-06-09,SAN,7.083000,7.475346
2025-06-10,SAN,6.940000,7.477780
2025-06-11,SAN,6.962000,7.475115
2025-06-12,SAN,6.999000,7.468953
2025-06-13,SAN,6.859000,7.453427
2025-06-16,SAN,7.128000,7.448729
2025-06-17,SAN,6.937000,7.439542
2025-06-18,SAN,6.962000,7.430472
2025-06-19,SAN,6.795000,7.415071
2025-06-20,SAN,6.915000,7.401647
2025-06-23,SAN,6.857000,7.387261
2025-06-24,SAN,7.072000,7.385419
2025-06-25,SAN,6.903000,7.383263
2025-06-26,SAN,6.886000,7.380631
2025-06-27,SAN,7.037000,7.385695
2025-06-30,SAN,7.027000,7.394949
2025-07-01,SAN,6.965000,7.400262
2025-07-02,SAN,7.120000,7.415027
2025-07-03,SAN,7.248000,7.436267
2025-07-04,SAN,7.129000,7.457570
2025-07-07,SAN,7.299000,7.480640
2025-07-08,SAN,7.375000,7.508410
2025-07-09,SAN,7.550000,7.542217
2025-07-10,SAN,7.341000,7.572891
2025-07-11,SAN,7.212000,7.594063
2025-07-14,SAN,7.231000,7.607034
2025-07-15,SAN,7.144000,7.614137
2025-07-16,SAN,7.172000,7.619633
2025-07-17,SAN,7.290000,7.628603
2025-07-18,SAN,7.254000,7.635749
2025-07-21,SAN,7.284000,7.645341
2025-07-22,SAN,7.228000,7.650810
2025-07-23,SAN,7.383000,7.664974
2025-07-24,SAN,7.577000,7.687059
2025-07-25,SAN,7.593000,7.715558
2025-07-28,SAN,7.552000,7.748205
2025-07-29,SAN,7.717000,7.783582
2025-07-30,SAN,7.694000,7.817828
2025-07-31,SAN,7.536000,7.844168
2025-08-01,SAN,7.195000,7.845469
2025-08-04,SAN,7.480000,7.850639
2025-08-05,SAN,7.491000,7.856954
2025-08-06,SAN,7.608000,7.868590
2025-08-07,SAN,7.775000,7.890286
2025-08-08,SAN,7.955000,7.923659
2025-08-11,SAN,8.000000,7.962348
2025-08-12,SAN,8.015000,8.006763
2025-08-13,SAN,8.136000,8.055162
2025-08-14,SAN,8.218000,8.102764
2025-08-15,SAN,8.244000,8.158373
2025-08-18,SAN,8.203000,8.209769
2025-08-19,SAN,8.240000,8.260066
2025-08-20,SAN,8.174000,8.305160
2025-08-21,SAN,8.257000,8.350889
2025-08-22,SAN,8.316000,8.396009
2025-08-25,SAN,8.284000,8.438819
2025-08-26,SAN,8.149000,8.469916
2025-08-27,SAN,8.063000,8.492301
2025-08-28,SAN,8.235000,8.516882
2025-08-29,SAN,8.160000,8.532160
2025-09-01,SAN,8.199000,8.547786
2025-09-02,SAN,8.050000,8.552427
2025-09-03,SAN,8.084000,8.552797
2025-09-04,SAN,8.186000,8.555501
2025-09-05,SAN,8.089000,8.555384
2025-09-08,SAN,8.289000,8.561634
2025-09-09,SAN,8.323000,8.574266
2025-09-10,SAN,8.475000,8.594753
2025-09-11,SAN,8.541000,8.619970
2025-09-12,SAN,8.490000,8.644179
2025-09-15,SAN,8.610000,8.671973
2025-09-16,SAN,8.403000,8.691002
2025-09-17,SAN,8.391000,8.707471
2025-09-18,SAN,8.531000,8.728123
2025-09-19,SAN,8.654000,8.751159
2025-09-22,SAN,8.551000,8.773442
2025-09-23,SAN,8.687000,8.801405
2025-09-24,SAN,8.738000,8.833403
2025-09-25,SAN,8.709000,8.864342
2025-09-26,SAN,8.850000,8.899382
2025-09-29,SAN,8.747000,8.929836
2025-09-30,SAN,8.874000,8.960072
2025-10-01,SAN,8.821000,8.989364
2025-10-02,SAN,8.662000,9.011352
2025-10-03,SAN,8.747000,9.035970
2025-10-06,SAN,8.693000,9.049827
2025-10-07,SAN,8.597000,9.056206
2025-10-08,SAN,8.762000,9.066620
2025-10-09,SAN,8.647000,9.069785
2025-10-10,SAN,8.520000,9.065897
2025-10-13,SAN,8.621000,9.061119
2025-10-14,SAN,8.522000,9.049353
2025-10-15,SAN,8.483000,9.034574
2025-10-16,SAN,8.579000,9.019666
2025-10-17,SAN,8.291000,8.987680
2025-10-20,SAN,8.440000,8.963885
2025-10-21,SAN,8.365000,8.938057
2025-10-22,SAN,8.389000,8.914185
2025-10-23,SAN,8.394000,8.892208
2025-11-01,SAN,,8.892208
2025-11-02,SAN,,8.887800
2025-11-03,SAN,,8.890360
2025-11-04,SAN,,8.897991
2025-11-05,SAN,,8.905188
2025-11-06,SAN,,8.914102
2025-11-07,SAN,,8.928679
2025-11-08,SAN,,8.937349
2025-11-09,SAN,,8.944707
2025-11-10,SAN,,8.949648
