Date,y_true,y_pred
2020-09-01,0.01301676488687,0.01795298892206621
2020-09-02,0.0157602208392069,0.013161209979810047
2020-09-03,0.0231733538147464,0.016302939577650277
2020-09-04,0.0213054857888208,0.024218505359135035
2020-09-07,0.0192041220824747,0.02123192202488577
2020-09-08,0.0208385083447568,0.01961232781582572
2020-09-09,0.0206633935428299,0.02160039845281999
2020-09-10,0.0160520695645673,0.021042538405575656
2020-09-11,0.0192624890441914,0.016436150875063837
2020-09-14,0.014767912906139,0.020185783953193245
2020-09-15,0.0157018399607135,0.015187555732702243
2020-09-16,0.0150597616314993,0.01650020970743366
2020-09-17,0.0088140513909547,0.01588222589095404
2020-09-18,0.0002334817636436,0.009161520964522997
2020-09-21,0.0,0.0003657288023875679
2020-09-22,0.0005253304890039,0.0004318741403136531
2020-09-23,0.0072380181736126,0.0008434072479052326
2020-09-24,0.0077049956176765,0.008845420753108065
2020-09-25,0.0130751457653635,0.008342040219352882
2020-09-28,0.0099814741259495,0.013975212729658532
2020-09-29,0.0123746865576559,0.010358470601175163
2020-09-30,0.0126665491997929,0.01320365460515571
2020-10-01,0.0127249161615097,0.012979041310464602
2020-10-02,0.0142425685003583,0.013588115698520664
2020-10-05,0.0185036628747671,0.01481103078828333
2020-10-06,0.014767912906139,0.019378958532954065
2020-10-07,0.0160520695645673,0.015121418526397683
2020-10-08,0.0134253753692173,0.016734526201272408
2020-10-09,0.0112072638226611,0.013755223413441764
2020-10-12,0.0057203658347639,0.011737288375934442
2020-10-13,0.0063040772022613,0.006055876416779816
2020-10-14,0.0056619988730472,0.007360593461414718
2020-10-15,0.0101565889278764,0.00696452281545699
2020-10-16,0.0114407455863047,0.0114368593572535
2020-10-19,0.0156434729989967,0.01256384399542917
2020-10-20,0.0136588571328609,0.017038814496921757
2020-10-21,0.01558510603728,0.01389805721587332
2020-10-22,0.0195543377695517,0.016751704538887767
2020-10-23,0.0161104504430607,0.020707436627036314
2020-10-26,0.0143593024237917,0.017224039279879897
2020-10-27,0.0120244569538021,0.014442231173522602
2020-10-28,0.0104484376532368,0.01294692007825184
2020-10-29,0.0176280888651326,0.010749238296896165
2020-10-30,0.0197878334499721,0.019043145989412744
2020-11-02,0.0274928290676487,0.02054290087886102
2020-11-03,0.0172778731780555,0.028956266777875023
2020-11-04,0.0233484686166733,0.018283250733970403
2020-11-05,0.0190290072805478,0.024450416684617816
2020-11-06,0.043194682945139,0.01927702884998468
2020-11-09,0.0543435798060833,0.04513647570469503
2020-11-10,0.0573788705670038,0.05552203765278036
2020-11-11,0.0542851989275899,0.058103099436714996
2020-11-12,0.0591883855479895,0.05522428381077973
2020-11-13,0.0874400407850626,0.05983651022474317
2020-11-16,0.0780422780266105,0.08381545191994705
2020-11-17,0.0788594711577515,0.0769326009679339
2020-11-18,0.0824201202412295,0.07955025461977404
2020-11-19,0.0839961395417948,0.083504533050714
2020-11-20,0.0858056545227805,0.08363331995998355
2020-11-23,0.0943278432715982,0.08632240028894748
2020-11-24,0.0948531876773789,0.09531233893590135
2020-11-25,0.0939776136677443,0.09526529108223479
2020-11-26,0.1049513957267618,0.09456990404479375
2020-11-27,0.1033170094644797,0.10634626351033721
2020-11-30,0.1076948516790987,0.10444656643627839
2020-12-01,0.112072679976941,0.10948203539867887
2020-12-02,0.1119559460535075,0.11341722832969096
2020-12-03,0.1251478257423044,0.11257114565910803
2020-12-04,0.1190772163869099,0.12656973295350332
2020-12-07,0.1164505361083367,0.11903905131360895
2020-12-08,0.1164505361083367,0.11699378008664464
2020-12-09,0.1105550276380923,0.11709786520890998
2020-12-10,0.1057102218961861,0.10984533035929114
2020-12-11,0.1090373752992437,0.10623723757325565
2020-12-14,0.1131817357502191,0.10992396342660618
2020-12-15,0.1106717893950793,0.11431457885592618
2020-12-16,0.1108468902802294,0.11164582116364043
2020-12-17,0.1105550276380923,0.11175711962096128
2020-12-18,0.1004568195887094,0.11168315229596344
2020-12-21,0.1054183731708258,0.10130511920141613
2020-12-22,0.1121310469386577,0.10666599371721715
2020-12-23,0.1132401027119358,0.11327962019764602
2020-12-24,0.1119559460535075,0.11388737904436598
2020-12-28,0.1113722207692334,0.11206772927927759
2020-12-29,0.1117224503730872,0.11142129706530096
2020-12-30,0.1094459718648142,0.1119191966296594
2020-12-31,0.1119559460535075,0.10984048827756142
2021-01-04,0.1117224503730872,0.1122230495082708
2021-01-05,0.1254396883844415,0.11277717439747487
2021-01-06,0.1279496625731349,0.12628674704659507
2021-01-07,0.1235134394800224,0.12828551409230077
2021-01-08,0.1220541541028905,0.12329911055524742
2021-01-11,0.1223460167450276,0.12256344423097122
2021-01-12,0.1188437485400431,0.12261133347557139
2021-01-13,0.1175595640480613,0.11921600778045738
2021-01-14,0.1125396435042282,0.11847739333042638
2021-01-15,0.1155749481819255,0.11284726306539698
2021-01-18,0.1086871456953899,0.11680330474980614
2021-01-19,0.1103799267529422,0.10825244007116032
2021-01-20,0.1094459718648142,0.11130179728813468
2021-01-21,0.1075197229603951,0.10991942210210866
2021-01-22,0.1008070491925632,0.10824887031826078
2021-01-25,0.1041342025956208,0.10014138328097641
2021-01-26,0.0977717445148659,0.10488750783191085
2021-01-27,0.1039590877936939,0.09745944923435258
2021-01-28,0.0938024988658175,0.10536936566680553
2021-01-29,0.0932771544600367,0.0936313692284182
2021-02-01,0.1064690480656104,0.09290071400122768
2021-02-02,0.1083369160915361,0.10720509109568525
2021-02-03,0.1259066519117288,0.1069524863036793
2021-02-04,0.1319772612671233,0.12644819365272592
2021-02-05,0.1359464929993951,0.1321041727525961
2021-02-08,0.12946728707843,0.13528041101016167
2021-02-09,0.130401241966558,0.12859339660829647
2021-02-10,0.1297007827588503,0.13007803589862413
2021-02-11,0.1307514715704117,0.1298129771389117
2021-02-12,0.1404410830542242,0.1312529880559746
2021-02-15,0.1369971818109565,0.1408128261590641
2021-02-16,0.1335532805676886,0.13718043090331555
2021-02-17,0.1336116475294054,0.13337496054325
2021-02-18,0.136880447887523,0.13408470886274101
2021-02-19,0.1350709329065373,0.1374318963798285
2021-02-22,0.1418420014696394,0.13589116652910982
2021-02-23,0.1441768469396291,0.14321743561326294
2021-02-24,0.1484963082757546,0.14510158778404333
2021-02-25,0.1426008276390638,0.1487319264520593
2021-02-26,0.1430094242046343,0.14313428218926041
2021-03-01,0.1402659821690741,0.1427217789215547
2021-03-02,0.1482044456336175,0.14049933958391567
2021-03-03,0.1466867932947689,0.14863532938879195
2021-03-04,0.1484379413140379,0.14729776241221978
2021-03-05,0.1540999541038619,0.14884080401864586
2021-03-08,0.1489632718030418,0.15408836599504977
2021-03-09,0.1453442696746239,0.1484363957500145
2021-03-10,0.1467451602564856,0.14523962499144255
2021-03-11,0.15264066872673,0.14637260366031055
2021-03-12,0.1482044456336175,0.1532152579333674
2021-03-15,0.1467451602564856,0.14790151778832092
2021-03-16,0.1524071730463096,0.14664654332677515
2021-03-17,0.1578356901557132,0.15286871851884562
2021-03-18,0.146978655936906,0.1578398126008436
2021-03-19,0.1259066519117288,0.14645574886383741
2021-03-22,0.1270740746467236,0.12666449250557815
2021-03-23,0.1304596089282747,0.12791462019494063
2021-03-24,0.1281831304200018,0.13141240199733858
2021-03-25,0.1326777204748309,0.12888241199807027
2021-03-26,0.1288252226659926,0.13361585896186373
2021-03-29,0.1365302182836692,0.12913235102215115
2021-03-30,0.1322691239092604,0.1367973636299017
2021-03-31,0.1334073492466201,0.13208719175955114
2021-04-01,0.1381354349818697,0.1334304552195171
2021-04-06,0.1376392740569473,0.13799992165321467
2021-04-07,0.1388358663560238,0.13751110316324106
2021-04-08,0.1325609865513975,0.13846401815660092
2021-04-09,0.135246061625241,0.13165999571327022
2021-04-12,0.1319772612671233,0.135323765710085
2021-04-13,0.1357421947166098,0.13155450708455438
2021-04-14,0.1271032720443587,0.1359031513853147
2021-04-15,0.1285625574214907,0.126198970628407
2021-04-16,0.1373766088124454,0.12867835959954185
2021-04-19,0.1256439866672268,0.13808775452831099
2021-04-20,0.1240679673666615,0.12466539655485948
2021-04-21,0.1307806411344934,0.12442778395115722
2021-04-22,0.1268406067998568,0.13150847616275702
2021-04-23,0.1353335981510393,0.12642063384725316
2021-04-26,0.1357130251525282,0.13607455641693406
2021-04-27,0.1361507912821803,0.13600800432473312
2021-04-28,0.1395363255637314,0.1350049727038237
2021-04-29,0.1465408619737003,0.13938127574058004
2021-04-30,0.1468619220134726,0.14645160889034717
2021-05-03,0.1462198297674816,0.14686879785183413
2021-05-04,0.1524947374056614,0.14576910434877452
2021-05-05,0.1544793532717973,0.15232381557777427
2021-05-06,0.155354913364655,0.1544990647028432
2021-05-07,0.1615714540411181,0.15522804272554194
2021-05-10,0.16046239826784,0.16183469059742853
2021-05-11,0.1601121686639862,0.16082324826967492
2021-05-12,0.1594701042515488,0.1604903393771342
2021-05-13,0.1674085677160923,0.16025333593800595
2021-05-14,0.1662411449810974,0.16814525062294877
2021-05-17,0.1730705805059162,0.166843418376694
2021-05-18,0.1655115162093082,0.17390605286660354
2021-05-19,0.1659492823389604,0.16548420964589827
2021-05-20,0.1728370848254959,0.16616679303071238
2021-05-21,0.1716112951287843,0.17353729957735253
2021-05-24,0.1721950204130585,0.1716660160512902
2021-05-25,0.1706773680742099,0.17289302662266443
2021-05-26,0.1741212693174776,0.1710376798338576
2021-05-27,0.173128947467633,0.17454499807731383
2021-05-28,0.1737126727519071,0.17280044698801134
2021-05-31,0.1789660611426071,0.17403579314960965
2021-06-01,0.1803086125963056,0.17977232900360612
2021-06-02,0.1824683293475916,0.1808167710166337
2021-06-03,0.1784407306536032,0.18328258625983077
2021-06-04,0.1849199365745682,0.17834465605008198
2021-06-07,0.1840443764817105,0.1857109113491653
2021-06-08,0.1812425396508801,0.18393779130607033
2021-06-09,0.1817095031781673,0.18144432216984577
2021-06-10,0.1801334838776019,0.18210799762641333
2021-06-11,0.185795496667426,0.18046788391279547
2021-06-14,0.1873715159679913,0.1865519204403658
2021-06-15,0.1838108808012901,0.1879507714537486
2021-06-16,0.1889475352685566,0.18327746894416005
2021-06-17,0.1787325932957403,0.1891289691896858
2021-06-18,0.1796665203503147,0.1780891876927234
2021-06-21,0.1820013658203044,0.18065847198522678
2021-06-22,0.1815344022930172,0.18195384242124407
2021-06-23,0.1850366704980016,0.1814210173981854
2021-06-24,0.190932178968246,0.1855047767936354
2021-06-25,0.1819429988585877,0.19114854791038668
2021-06-28,0.1828185589514454,0.18071177279668976
2021-06-29,0.1790828228995941,0.18294898178682883
2021-06-30,0.1896479944762643,0.1788387213125451
2021-07-01,0.1829936876701491,0.18998484824643588
2021-07-02,0.1908154172112591,0.18224189338496422
2021-07-05,0.1823515954241582,0.1913589270937927
2021-07-06,0.1786158315387533,0.1813426817757432
2021-07-07,0.1686343574128038,0.17785635087668275
2021-07-08,0.1790244559378774,0.16832566692817616
2021-07-09,0.1808339430853096,0.17959664134512596
2021-07-12,0.1744131041260612,0.18078655655091247
2021-07-13,0.175697288618043,0.17381853297057456
2021-07-14,0.1772149409568916,0.17595321174510678
2021-07-15,0.1710275976780637,0.17716188529656504
2021-07-16,0.1607542609099771,0.1698007233118669
2021-07-19,0.1672918337926588,0.16056405099816148
2021-07-20,0.1788493272191737,0.16762433449705724
2021-07-21,0.180425346519739,0.17929312090143448
2021-07-22,0.1871380481211245,0.17991207305855442
2021-07-23,0.1937923549272396,0.1874861637003049
2021-07-26,0.1916326103424001,0.19377725577909322
2021-07-27,0.1874882777249782,0.19091201759752133
2021-07-28,0.1898231231949679,0.18628757446919303
2021-07-29,0.1897647283996977,0.18952518092088552
2021-07-30,0.1920412069079706,0.1898574393260834
2021-08-02,0.1990457711514931,0.19184850592409036
2021-08-03,0.2045326552226135,0.1989629658013324
2021-08-04,0.2038905629766226,0.20438083973494145
2021-08-05,0.2102530349741542,0.2040163153803925
2021-08-06,0.2101363010507208,0.21038010465891047
2021-08-09,0.213988798859559,0.21004453531676717
2021-08-10,0.2186001228378217,0.21456331244832405
2021-08-11,0.2176661679496937,0.21901428686922017
2021-08-12,0.2160317816874116,0.21785220471745137
2021-08-13,0.2134050735752849,0.21612957933541965
2021-08-16,0.2050579857116174,0.21358770463567567
2021-08-17,0.2121792838785733,0.20464887249989583
2021-08-18,0.2001548269247712,0.21282783929901367
2021-08-19,0.1981118162633651,0.20008553567571358
2021-08-20,0.1998045973209175,0.19831473577414593
2021-08-23,0.1949597776622345,0.1999932614464984
2021-08-24,0.2070426015777533,0.19434671702494946
2021-08-25,0.2015557175066329,0.20810615853232203
2021-08-26,0.1996294686022138,0.20114675750431305
2021-08-27,0.197002760490087,0.19954114241768953
2021-08-30,0.1977032196977947,0.19654951957752026
2021-08-31,0.2029566359220481,0.1972124506822298
2021-09-01,0.201322249659766,0.20248350860811537
2021-09-02,0.1989290093945062,0.20055430349440986
2021-09-03,0.1986955415476393,0.19796259335643654
2021-09-06,0.2003882947716381,0.19790724341105284
2021-09-07,0.1961272003972293,0.19975088252612372
2021-09-08,0.1956602368699421,0.1954005477458969
2021-09-09,0.1949597776622345,0.195555200161481
2021-09-10,0.2006217904520585,0.19420954116218198
2021-09-13,0.1996294686022138,0.20066115315974994
2021-09-14,0.2009136530941956,0.1991031799207336
2021-09-15,0.208034923427598,0.20079806537117445
2021-09-16,0.2049996187499007,0.20819978351210572
2021-09-17,0.1802502456345889,0.2038891949636985
2021-09-20,0.182176494539008,0.17818253065400974
2021-09-21,0.1901733527988217,0.18203816490001398
2021-09-22,0.1990457711514931,0.18983489475181864
2021-09-23,0.2043575265039098,0.19912426354577603
2021-09-24,0.2113037237857156,0.2050720245879805
2021-09-27,0.2058751788427584,0.21115497492601004
2021-09-28,0.2090856122391594,0.20424126351774538
2021-09-29,0.2076263268620274,0.20829774839900986
2021-09-30,0.2027231402416278,0.20653977744696483
2021-10-01,0.2027815072033444,0.20312697020707368
2021-10-04,0.2241453738706587,0.20314182068156514
2021-10-05,0.2209349683078113,0.22501036367463706
2021-10-06,0.2264802193406484,0.21987514916135442
2021-10-07,0.2200593803814001,0.22578096615089116
2021-10-08,0.2191254533268256,0.21922597856518228
2021-10-11,0.2185417280425515,0.21835053479498498
2021-10-12,0.2060503075614621,0.2189479264611572
2021-10-13,0.2029566359220481,0.20480043913080756
2021-10-14,0.2106616315397247,0.20296814671927965
2021-10-15,0.2138136701408554,0.21115765015267862
2021-10-18,0.2110702281052952,0.2141873565170566
2021-10-19,0.2142222667064259,0.21101590863643835
2021-10-20,0.2043575265039098,0.21436168964771032
2021-10-21,0.2058168118810417,0.20334557138755358
2021-10-22,0.206692399807453,0.20559087586517918
2021-10-25,0.2056417109958916,0.20675515316908938
2021-10-26,0.2016724514300664,0.20529549244670656
2021-10-27,0.203190103768915,0.20105693217606851
2021-10-28,0.2277643759990766,0.20283706397715073
2021-10-29,0.2404309251988697,0.2274626534309221
2021-11-01,0.2336015175076043,0.23968178566507917
2021-11-02,0.2348273072043158,0.23241413278389508
2021-11-03,0.2264802193406484,0.23416504629051227
2021-11-04,0.2256630262095074,0.22384606440282245
2021-11-05,0.2253711635673703,0.22492643537554963
2021-11-08,0.2225693545700934,0.22540544968969878
2021-11-09,0.2260132558133611,0.2226114563172954
2021-11-10,0.228815064810638,0.22634151101374475
2021-11-11,0.2315585068461982,0.22835210680958165
2021-11-12,0.2162652495342785,0.23033614535841515
2021-11-15,0.2124127517254402,0.21606595826728672
2021-11-16,0.20966930968988,0.2120593971961889
2021-11-17,0.1911656468151129,0.2097200709967039
2021-11-18,0.1892977648724105,0.18954667568268466
2021-11-19,0.190523554569122,0.18955551320288638
2021-11-22,0.1828769537467157,0.19065885788369658
2021-11-23,0.1768647113530378,0.1833994103639299
2021-11-24,0.1791995568230275,0.17680706033862031
2021-11-25,0.1567850291777053,0.1793222917432287
2021-11-26,0.1542458575913769,0.15699086420689706
2021-11-29,0.1484087439164028,0.15393717921694147
2021-11-30,0.1551214455177882,0.14905604926073215
2021-12-01,0.1524655400080263,0.1558628962122802
2021-12-02,0.1534870592555062,0.15317206614356024
2021-12-03,0.1658325484155269,0.15291091560864342
2021-12-06,0.1735375440332035,0.1657764679121788
2021-12-07,0.1776235375224621,0.17234910028173742
2021-12-08,0.1748217285251853,0.17686767424251612
2021-12-09,0.1721950204130585,0.173907954157794
2021-12-10,0.1721950204130585,0.17149433968470837
2021-12-13,0.1727787178637791,0.17127514996098822
2021-12-14,0.1712610655249306,0.17179950621913126
2021-12-15,0.1738294066753405,0.17066318810064884
2021-12-16,0.1656282501327416,0.17307224253251302
2021-12-17,0.1626221428526795,0.16451170323625228
2021-12-20,0.1693931835822281,0.1634455933346844
2021-12-21,0.1714361942436342,0.16899068005642334
2021-12-22,0.175697288618043,0.1715202374247254
2021-12-23,0.1791995568230275,0.17612550859957984
2021-12-27,0.1802502456345889,0.17998485431220257
2021-12-28,0.1813009066125968,0.18024957137108474
2021-12-29,0.1803669795580223,0.18137180025019073
2021-12-30,0.1809507048422965,0.18015436566983964
2022-01-03,0.1887140674216898,0.1805116055602816
2022-01-04,0.1879552412522655,0.18854959092861545
2022-01-05,0.1925081982688113,0.18728660242879883
2022-01-06,0.2000380651677843,0.19294290202866618
2022-01-07,0.1994543677170636,0.19995604527022948
2022-01-10,0.2005050286950715,0.19859343172761937
2022-01-11,0.2065172710887493,0.20051286677525396
2022-01-12,0.2100779062554505,0.20651557109586863
2022-01-13,0.2104865028210211,0.2102397703727009
2022-01-14,0.2113620907474323,0.211198165839968
2022-01-17,0.2113620907474323,0.21154795948283117
2022-01-18,0.2061670414848955,0.21205675303426508
2022-01-19,0.2068091337308864,0.20576302053989043
2022-01-20,0.2023145436760572,0.2072659223726477
2022-01-21,0.190932178968246,0.2027552962489643
2022-01-24,0.1947262819818141,0.1902747506141761
2022-01-25,0.2020810758291904,0.19550099211341776
2022-01-26,0.2056417109958916,0.20251475684775233
2022-01-27,0.2033652324876186,0.20643906178375865
2022-01-28,0.2027815072033444,0.2038350282161389
2022-01-31,0.20966930968988,0.2020802923613475
2022-02-01,0.2133467066135682,0.2095330180996752
2022-02-02,0.2063421702035992,0.212722607863381
2022-02-03,0.2058168118810417,0.20643873599066004
2022-02-04,0.2095525757664466,0.20509311464799002
2022-02-07,0.2174327001028269,0.20878628559963325
2022-02-08,0.2250209339635165,0.21723137612179905
2022-02-09,0.2274141742287764,0.2248574025296745
2022-02-10,0.2222191249662396,0.22750704244097666
2022-02-11,0.2084435199931685,0.2216430977997189
2022-02-14,0.2167906078568359,0.20834543372816558
2022-02-15,0.2134050735752849,0.21740538877139218
2022-02-16,0.2094358418430132,0.2124608322288209
2022-02-17,0.2073344642198903,0.20962870339925413
2022-02-18,0.2020226810339201,0.20740248058024768
2022-02-21,0.2033068655259019,0.20059561023791692
2022-02-22,0.2039489299383394,0.20408118894031563
2022-02-23,0.1832271555170159,0.20333862102500158
2022-02-24,0.1911656468151129,0.18408777940366383
2022-02-25,0.182701825028012,0.19218889080541526
2022-02-28,0.1706773680742099,0.1833301873918496
2022-03-01,0.1767479774296044,0.1698976770568157
2022-03-02,0.1710275976780637,0.17791768675795389
2022-03-03,0.1540707567062268,0.16996950565397756
2022-03-04,0.1357421947166098,0.15310264417613398
2022-03-07,0.1422214006375748,0.13703281723874874
2022-03-08,0.1654823188116731,0.1438597835671015
2022-03-09,0.1652780205288879,0.1659866050055819
2022-03-10,0.1653655848882397,0.1648805311712243
2022-03-11,0.1719031577709214,0.16456168385674874
2022-03-14,0.1735959109949202,0.1713949175718791
2022-03-15,0.1874882777249782,0.17232025898637646
2022-03-16,0.1828185589514454,0.18600334131046045
2022-03-17,0.1821181275772913,0.18109153062901465
2022-03-18,0.182701825028012,0.18135533003575588
2022-03-21,0.1870796533258542,0.1817011445547574
2022-03-22,0.1773900418420418,0.18568575913337
2022-03-23,0.1727787178637791,0.17570037703190583
2022-03-24,0.1724868552216421,0.17163482185865253
2022-03-25,0.1748217285251853,0.1724768890653645
2022-03-28,0.1950181446239512,0.17468658875269386
2022-03-29,0.1885389387029861,0.19545868565443075
2022-03-30,0.1780321340880327,0.18809786048366534
2022-03-31,0.182701825028012,0.17765845578287162
2022-04-01,0.1845697069707144,0.18287403746162972
2022-04-04,0.1803669795580223,0.18372435485618177
2022-04-05,0.1573979240260611,0.17998883867819776
2022-04-06,0.1567558317800702,0.15688731030646863
2022-04-07,0.1595284712132655,0.15698625608229333
2022-04-08,0.163556069907254,0.1590177633738392
2022-04-11,0.1640230334345412,0.16334908343321464
2022-04-12,0.1630599089823316,0.16479260496828077
2022-04-13,0.167758797319946,0.1632180178030992
2022-04-14,0.1705606063172229,0.16762454155681142
2022-04-19,0.1710859646397804,0.1703456706990584
2022-04-20,0.1746465998064816,0.17033144119476962
2022-04-21,0.166124411057664,0.174467467491663
2022-04-22,0.1547128489522177,0.16496997755425707
2022-04-25,0.1472413211814079,0.1540690205395681
2022-04-26,0.1479709777867506,0.14506251777728574
2022-04-27,0.1510646494261646,0.14688592499857855
2022-04-28,0.169218082697078,0.150340714825141
2022-04-29,0.1567266343824351,0.16931979376741366
2022-05-02,0.159645205136699,0.1557904345860877
2022-05-03,0.1523488060845929,0.15931785278603863
2022-05-04,0.1418420014696394,0.15109954979550555
2022-05-05,0.1417836345079227,0.13963873218306946
2022-05-06,0.1411999092236485,0.14230585884078986
2022-05-09,0.1447605443903497,0.1410185137927857
2022-05-10,0.1510354520285295,0.1443826474998298
2022-05-11,0.1487589735202565,0.1507935213492749
2022-05-12,0.1570184970245722,0.14873529154766696
2022-05-13,0.1569017631011388,0.15663527015942996
2022-05-16,0.1599662373429176,0.15633757132157453
2022-05-17,0.1572519927049926,0.15919739838952657
2022-05-18,0.1521445078018076,0.15640896086312014
2022-05-19,0.1510354520285295,0.15159948337986476
2022-05-20,0.1582442867212837,0.15033145514882668
2022-05-23,0.1566974648183535,0.15773040755254372
2022-05-24,0.159645205136699,0.15640511717795327
2022-05-25,0.1661827780193807,0.15906868725665724
2022-05-26,0.1681673938855166,0.1658784959429287
2022-05-27,0.1743547371643445,0.16775051377964798
2022-05-30,0.1703855054320728,0.1743204451412295
2022-05-31,0.1662411449810974,0.17001232701129335
2022-06-01,0.1651029196437377,0.16551897965091128
2022-06-02,0.163293404662752,0.16481807184046005
2022-06-03,0.1718447908092047,0.16267566598697789
2022-06-06,0.1680506599620831,0.17221506193582461
2022-06-07,0.1644316578336653,0.1677635727761823
2022-06-08,0.1508019841816626,0.1638517319480971
2022-06-09,0.1255272527437934,0.14956933581081325
2022-06-10,0.1163921413130665,0.12394479408722574
2022-06-13,0.1187269867830561,0.1172148734834215
2022-06-14,0.1226670489512463,0.11995960651641628
2022-06-15,0.1174428301246279,0.12339831199294726
2022-06-16,0.1233091411972371,0.11869591795407675
2022-06-17,0.1266363085170715,0.1241709448613646
2022-06-20,0.1253813214227249,0.12680165558888765
2022-06-21,0.1291462548722113,0.12485559451303303
2022-06-22,0.1215871905756033,0.12960968611581242
2022-06-23,0.1274243042505774,0.12081147252201978
2022-06-24,0.1315686647015528,0.1271913465199717
2022-06-27,0.1312768020594157,0.13086850974180037
2022-06-28,0.1259358493093639,0.12988076649590793
2022-06-29,0.1266946754787882,0.12517673811058228
2022-06-30,0.1257023536289435,0.125956064032127
2022-07-01,0.129204621833928,0.1247817871727003
2022-07-04,0.1199528043133212,0.12861420266125462
2022-07-05,0.119631744273549,0.11840635350255438
2022-07-06,0.1285625574214907,0.1194072938968626
2022-07-07,0.1305763428517081,0.12876823126793385
2022-07-08,0.1240387699690264,0.13064357384638486
2022-07-11,0.1146118237297159,0.12434860574822339
2022-07-12,0.1148744889742179,0.11400624087214616
2022-07-13,0.1073738055561033,0.11448007039573002
2022-07-14,0.1132984696736525,0.10682938270152639
2022-07-15,0.1132401027119358,0.11411053535493146
2022-07-18,0.1226086819895296,0.11286887436740105
2022-07-19,0.1173260962011945,0.12335235700297016
2022-07-20,0.1191064137845451,0.11612110673459672
2022-07-21,0.1160419117092127,0.11893365679331801
2022-07-22,0.1189021155017598,0.11559010193329791
2022-07-25,0.1135903323157896,0.11889626457350967
2022-07-26,0.1167423709169203,0.11328674368994168
2022-07-27,0.117209362277761,0.11685843536581232
2022-07-28,0.1317437655867029,0.11667457030152506
2022-07-29,0.1287376583066408,0.13128829955633275
2022-08-01,0.1316562290609046,0.1277711708277458
2022-08-02,0.1400032890910186,0.13162725966205052
2022-08-03,0.1429802268069991,0.14001580795348628
2022-08-04,0.1436514886170716,0.14258471290468513
2022-08-05,0.1451399713918387,0.14396989213398279
2022-08-08,0.146978655936906,0.14509367290080719
2022-08-09,0.1487881709178917,0.14721901979925742
2022-08-10,0.1499555936528865,0.14914675950841938
2022-08-11,0.1527574026501634,0.15006278828088285
2022-08-12,0.1539248253851582,0.15319001665561183
2022-08-15,0.1574270935901427,0.15421363598899515
2022-08-16,0.1555008446857236,0.15792044811493372
2022-08-17,0.1574854605518594,0.15533491755937315
2022-08-18,0.1479709777867506,0.1582302870275354
2022-08-19,0.1395655229613664,0.14750627547497652
2022-08-22,0.1415793083915839,0.1394914212970175
2022-08-23,0.1391860959598775,0.14249261378486916
2022-08-24,0.1378435723397326,0.1396263746093164
2022-08-25,0.1338451432098257,0.13782232587606447
2022-08-26,0.1327068900389125,0.13353536121931767
2022-08-29,0.1358005616783265,0.13319320530616072
2022-08-30,0.1360924243204636,0.13576477750841096
2022-08-31,0.1328236517958995,0.13604899649262975
2022-09-01,0.1401200508480055,0.13287925417299348
2022-09-02,0.1348082676620353,0.14015772721720648
2022-09-05,0.1361507912821803,0.1349736037742447
2022-09-06,0.1360340573587469,0.13603682727376873
2022-09-07,0.143884984297492,0.13604068209088965
2022-09-08,0.1571352587815592,0.14352377122153434
2022-09-09,0.1632058403034001,0.1568053586929086
2022-09-12,0.1591782416094117,0.1628363135456065
2022-09-13,0.1586528832868542,0.15822444155024235
2022-09-14,0.1650153552843859,0.158523162438841
2022-09-15,0.161542256643483,0.16490754705550612
2022-09-16,0.160725063512342,0.16192456811159656
2022-09-19,0.1605791321912734,0.16118775691193177
2022-09-20,0.1617465827598218,0.16079532986992404
2022-09-21,0.1599370677788361,0.16222958751269498
2022-09-22,0.1516483468768853,0.16025089045730953
2022-09-23,0.1506852224246757,0.15097746843046547
2022-09-26,0.1448773061473367,0.15141354018229128
2022-09-27,0.144964842673135,0.14369808630341047
2022-09-28,0.1396530594871648,0.14567437087876936
2022-09-29,0.14362231905299,0.13996712511034431
2022-09-30,0.1472413211814079,0.14412088629737047
2022-10-03,0.1600538017022695,0.14808199098431163
2022-10-04,0.1552673768388567,0.16027991824863072
2022-10-05,0.1540707567062268,0.15468596572790422
2022-10-06,0.1435931216553549,0.15333995424602814
2022-10-07,0.1435931216553549,0.14302157971648577
2022-10-10,0.1411123448642967,0.14346065854835652
2022-10-11,0.1414334049040689,0.14084565532199636
2022-10-12,0.1494886301255993,0.14148973882103855
2022-10-13,0.1509770850668128,0.150148402913971
2022-10-14,0.1574854605518594,0.14999075448653118
2022-10-17,0.162476211531611,0.15757481549834018
2022-10-18,0.1637311986259576,0.16225487325539614
2022-10-19,0.1685176234893703,0.16333816508767848
2022-10-20,0.1657449840561751,0.16902696633533007
2022-10-21,0.1768063443913211,0.16560316635730232
2022-10-24,0.1791995568230275,0.17703773224215724
2022-10-25,0.1786742263340235,0.17894142826537202
2022-10-26,0.1808339430853096,0.178022191699913
2022-10-27,0.1801334838776019,0.18100476871834398
2022-10-28,0.1779737671263159,0.17996267614346362
2022-10-31,0.1806588422001594,0.17764443695071974
2022-11-01,0.1824683293475916,0.18081226686843083
2022-11-02,0.1790244559378774,0.18258677036880613
2022-11-03,0.183519018159153,0.17937698723222653
2022-11-04,0.1854452670635721,0.18372860521804094
2022-11-07,0.184452973047281,0.18590602650950946
2022-11-08,0.1825267241428619,0.1846247073399477
2022-11-09,0.18363577991614,0.18275654135220556
2022-11-10,0.1831104215935825,0.18402291001660323
2022-11-11,0.1873131490062746,0.18326502255737387
2022-11-14,0.1897647283996977,0.18777240671174808
2022-11-15,0.186904552440704,0.1900046607035377
2022-11-16,0.1851534044214351,0.18679430754613663
2022-11-17,0.1919244729845372,0.18480208015728655
2022-11-18,0.1923330695501077,0.19199784430813066
2022-11-21,0.1960688334355126,0.19255847495738776
2022-11-22,0.1970611274518037,0.19653847175897016
2022-11-23,0.1996294686022138,0.19735740524745782
2022-11-24,0.203190103768915,0.19999524881382316
2022-11-25,0.1972946231322241,0.20362639227865487
2022-11-28,0.2021978097526238,0.1970196040509579
2022-11-29,0.2014973505449162,0.20254094466793693
2022-11-30,0.1988122754710727,0.20165664865124378
2022-12-01,0.2014973505449162,0.1982384482009401
2022-12-02,0.1981118162633651,0.20206035010806478
2022-12-05,0.1974697518509278,0.19796549773712338
2022-12-06,0.1959520995120792,0.1977207080191199
2022-12-07,0.1956602368699421,0.19610214580392624
2022-12-08,0.1968860265666536,0.19562020349484777
2022-12-09,0.1943176854162436,0.19716107348510184
2022-12-12,0.1982285780203521,0.19423411425405857
2022-12-13,0.197119522247074,0.19844307419550325
2022-12-14,0.1853869001018555,0.19718300583870618
2022-12-15,0.1890059022302734,0.18364305177492538
2022-12-16,0.1893561318341272,0.18933502707491853
2022-12-19,0.1982869449820688,0.18894620104822993
2022-12-20,0.2058751788427584,0.19876795624756555
2022-12-21,0.203190103768915,0.20603648863378698
2022-12-22,0.2046493891460469,0.20234397857400657
2022-12-23,0.2036570951297557,0.2043207146440413
2022-12-27,0.2040073247336095,0.2029255196000212
2022-12-28,0.2067507667691697,0.20361132539066967
2022-12-29,0.2027815072033444,0.20715708547120487
2022-12-30,0.211420457709149,0.20235882207198366
2023-01-02,0.2164987452146989,0.21148590990028207
2023-01-03,0.2299824875456329,0.2164141498411673
2023-01-04,0.2331345261467636,0.2300425966994288
2023-01-05,0.2364033265048812,0.23308766552098784
2023-01-06,0.2403141912754363,0.2361306509448744
2023-01-09,0.2422404401798554,0.24031078623430605
2023-01-10,0.2400806955950158,0.24225893046721098
2023-01-11,0.2428825324258463,0.23972252655268883
2023-01-12,0.2452757448575526,0.24316126163367696
2023-01-13,0.2473770946471219,0.2452572767989907
2023-01-16,0.2483694164969666,0.2474835317692196
2023-01-17,0.2500038027592486,0.24845111555292448
2023-01-18,0.2422404401798554,0.2502868916326073
2023-01-19,0.2455676074996897,0.24156953328562017
2023-01-20,0.2504123993248192,0.245486909336434
2023-01-23,0.2493033713850946,0.2505169847376325
2023-01-24,0.2411897513682939,0.24905160848074712
2023-01-25,0.2484861504204,0.24110595069741023
2023-01-26,0.2494784722702447,0.24859219611139588
2023-01-27,0.2497703349123818,0.24866492055820905
2023-01-30,0.2511712254942435,0.2495809778309538
2023-01-31,0.2689160900331399,0.2508471056547604
2023-02-01,0.270725577180572,0.26898780105011755
2023-02-02,0.2770880491781036,0.2697834728225791
2023-02-03,0.2702586136532848,0.2767582102304998
2023-02-06,0.2694997874838605,0.26926691261847185
2023-02-07,0.2680988690684453,0.26834052451758383
2023-02-08,0.270842338937559,0.2668858892964789
2023-02-09,0.2673400428990209,0.26999226817438954
2023-02-10,0.2726518260849912,0.26678948873073166
2023-02-13,0.2752201672354012,0.272681766874521
2023-02-14,0.2756287638009717,0.27441140531712277
2023-02-15,0.2831002915717814,0.275267840654199
2023-02-16,0.2811156478720921,0.2830369509052949
2023-02-17,0.2809405469869419,0.28091502495439424
2023-02-20,0.2806486843448049,0.28053209011895397
2023-02-21,0.2794228946480933,0.28050485128687963
2023-02-22,0.2844428151919264,0.2794013042977115
2023-02-23,0.2841509525497894,0.2845568645564377
2023-02-24,0.2934319674680313,0.2836739066573584
2023-02-27,0.304289029520392,0.2932459729258225
2023-02-28,0.2956500790145875,0.30410920898072175
2023-03-01,0.2976930896759936,0.29296967665656065
2023-03-02,0.3045808643289756,0.29727359019160005
2023-03-03,0.3085501238948008,0.3040009847297289
2023-03-06,0.2992691089765589,0.30775330705550724
2023-03-07,0.3012537248426948,0.29734214146230203
2023-03-08,0.299969540350713,0.30096711855569175
2023-03-09,0.2854351370417711,0.29921695447127206
2023-03-10,0.2515214550980973,0.28524170565637613
2023-03-13,0.2644214999783106,0.2477784514690319
2023-03-14,0.2269471828679356,0.266080767507406
2023-03-15,0.2389716676552912,0.22358434807225297
2023-03-16,0.226246723660228,0.23880104451301173
2023-03-17,0.2376291162015927,0.22615995102299616
2023-03-20,0.257241834849638,0.23903812380028672
2023-03-21,0.2582925236611994,0.25773003484684737
2023-03-22,0.2482526825735331,0.25705382714835245
2023-03-23,0.2316752686031852,0.24756724158593763
2023-03-24,0.2390884015787246,0.22963646884108707
2023-03-27,0.2442250560459912,0.23720584686426588
2023-03-28,0.2522219143058049,0.24262447932775716
2023-03-29,0.2602771395273353,0.2510004264474015
2023-03-30,0.2574753305300584,0.2581684780261082
2023-03-31,0.2402558243137195,0.25427585249028245
2023-04-03,0.2466766632729678,0.23886423914699037
2023-04-04,0.2509961246090934,0.24519875655997203
2023-04-05,0.2580006610190623,0.2497010840177408
2023-04-06,0.2522802812675216,0.257436342045287
2023-04-11,0.2590513498306238,0.2509476342592766
2023-04-12,0.2608024700163392,0.25843529582931246
2023-04-13,0.2711925685414127,0.2596750722862151
2023-04-14,0.2657056566367389,0.27012889205011165
2023-04-17,0.2744613410659769,0.26355830341999825
2023-04-18,0.2777301414240945,0.27319071176194837
2023-04-19,0.2716595320687,0.27621640252108426
2023-04-20,0.2697916501259976,0.26832989773065374
2023-04-21,0.2716595320687,0.26902153808788426
2023-04-24,0.2619698927513341,0.2709009800459988
2023-04-25,0.2639545364510234,0.2606875086670124
2023-04-26,0.276095727328259,0.2634534676788272
2023-04-27,0.262086654508321,0.2752806977902968
2023-04-28,0.2477273242509757,0.25856821240241395
2023-05-02,0.2410730174448605,0.24537972809956535
2023-05-03,0.2346521784856122,0.23923640918464015
2023-05-04,0.2410730174448605,0.23390680933716987
2023-05-05,0.2467933971964012,0.24120213678910113
2023-05-08,0.2422404401798554,0.2467327164466651
2023-05-09,0.2417734766525681,0.2413980047354238
2023-05-10,0.2555490816256393,0.24031367307270304
2023-05-11,0.2590513498306238,0.254746039862
2023-05-12,0.2429408993875629,0.2571121838122144
2023-05-15,0.2416567427291347,0.24108122708398233
2023-05-16,0.2456259744614064,0.2406075622634961
2023-05-17,0.2512296202895137,0.24471233564780664
2023-05-18,0.2528640065517958,0.24936331583613922
2023-05-19,0.2535644657595034,0.25142032059464225
2023-05-22,0.2528640065517958,0.25249138955566414
2023-05-23,0.2439915881991243,0.25134671141171033
2023-05-24,0.2484277834586833,0.24249843174955282
2023-05-25,0.2521635473440882,0.2476213385434683
2023-05-26,0.2474938564041088,0.25144419476539853
2023-05-29,0.2450422491771323,0.24555105768276006
2023-05-30,0.2311499102806277,0.24418329214628667
2023-05-31,0.2390884015787246,0.22939326066057222
2023-06-01,0.2527472447948088,0.23817081414365435
2023-06-02,0.2512296202895137,0.2519618735419573
2023-06-05,0.2520468134206547,0.24956625642738445
2023-06-06,0.2526305108713754,0.25159487998268587
2023-06-07,0.2583508906229161,0.25098771405962206
2023-06-08,0.2539146953633572,0.25647067252808314
2023-06-09,0.2564830086802137,0.2518849356829436
2023-06-12,0.2551988520217854,0.2552500808481518
2023-06-13,0.2694414205221438,0.25387895624239304
2023-06-14,0.2669898411287207,0.26851860136425676
2023-06-15,0.2702586136532848,0.26513287125559015
2023-06-16,0.270725577180572,0.2688679126855687
2023-06-19,0.2673400428990209,0.26951483667045645
2023-06-20,0.26909119091829,0.26587369458208476
2023-06-21,0.2668730793717337,0.2680312594071348
2023-06-22,0.2622033884317545,0.26643797047084755
2023-06-23,0.2678070342598617,0.2615135158452909
2023-06-26,0.269908384049431,0.26728915633741723
2023-06-27,0.2739943775386897,0.2688098893713472
2023-06-28,0.2800649868940842,0.2732859852077385
2023-06-29,0.2843844482302097,0.27940714218713303
2023-06-30,0.2877699825117608,0.2831208234291343
2023-07-03,0.2839174847029225,0.2867846487447137
2023-07-04,0.2800649868940842,0.2822372650172106
2023-07-05,0.2731771844075487,0.27893767510027306
2023-07-06,0.2763292230086793,0.27200354848053326
2023-07-07,0.2753952681205514,0.2754770695172143
2023-07-10,0.2791310320059562,0.2745534813194953
2023-07-11,0.2887039095663352,0.27808341323549146
2023-07-12,0.2878867164351942,0.28815701190280724
2023-07-13,0.2871862572274866,0.2866488388091008
2023-07-14,0.288236946039048,0.2860086205982042
2023-07-17,0.2919727099244529,0.2873770436206487
2023-07-18,0.2885871756429018,0.29089808113971816
2023-07-19,0.2938405640336018,0.28716864651987434
2023-07-20,0.28987133230133,0.2932986779832095
2023-07-21,0.2894043687740428,0.2883713628610237
2023-07-24,0.2901048279817504,0.2892461221897107
2023-07-25,0.2890541391701891,0.28894746861619613
2023-07-26,0.2953582163724504,0.28772592779198053
2023-07-27,0.3018957892551321,0.29458327437282816
2023-07-28,0.2947745189217298,0.3007447711685837
2023-07-31,0.2825165662875073,0.292331757416562
2023-08-01,0.2753952681205514,0.28012263399944776
2023-08-02,0.2750450663502511,0.27464085442027125
2023-08-03,0.2780803431943948,0.2745273866541898
2023-08-04,0.2806486843448049,0.2771511471973477
2023-08-07,0.2728269548036948,0.27995744112240417
2023-08-08,0.2772631500632538,0.2718735797083913
2023-08-09,0.2922061777713197,0.27543684440235655
2023-08-10,0.2930233709024608,0.29114243148205476
2023-08-11,0.2943075553944425,0.2916625827640278
2023-08-14,0.2890541391701891,0.29325290607894194
2023-08-15,0.2877699825117608,0.2869497995628126
2023-08-16,0.2870695233040531,0.2862893869070973
2023-08-17,0.2860188344924917,0.28553266082430434
2023-08-18,0.2881202121156146,0.28493521533690763
2023-08-21,0.2899880662247635,0.287085973454757
2023-08-22,0.2870695233040531,0.28835866840576785
2023-08-23,0.2925564073751735,0.28486335460111917
2023-08-24,0.2912722507167453,0.2912336489399674
2023-08-25,0.2988605124109884,0.2898334374919739
2023-08-28,0.3029464780666935,0.29813807484062055
2023-08-29,0.3055148192171036,0.3020405012959566
2023-08-30,0.2980432914462939,0.3043197346511184
2023-08-31,0.2979265575228604,0.2958643702431657
2023-09-01,0.2993274759382757,0.29622000197357606
2023-09-04,0.291622480320599,0.29785537513209603
2023-09-05,0.2836839890225021,0.2901296755181153
2023-09-06,0.2792477659293896,0.2819237904227162
2023-09-07,0.2807654182682383,0.2779860896037292
2023-09-08,0.2866025597767659,0.2792649440304334
2023-09-11,0.2878867164351942,0.2857164963208808
2023-09-12,0.2894043687740428,0.28711343329452
2023-09-13,0.2967591347878656,0.288609823964751
2023-09-14,0.2947745189217298,0.2961289514955833
2023-09-15,0.291622480320599,0.29264489219536133
2023-09-18,0.3008451282771243,0.289923797379078
2023-09-19,0.3113519328920777,0.30027437900645965
2023-09-20,0.3112351989686443,0.31014187716134767
2023-09-21,0.3097175466297957,0.31013689674350514
2023-09-22,0.3052813235366832,0.3081897348887655
2023-09-25,0.3041139008016884,0.30292828281078715
2023-09-26,0.3085501238948008,0.30231062655521923
2023-09-27,0.3226759584717258,0.3075991129089127
2023-09-28,0.323960115130154,0.3221328893639756
2023-09-29,0.3229094263185926,0.32289230062014856
2023-10-02,0.3252442717885823,0.3215187759243685
2023-10-03,0.3190569285097543,0.32430336162394696
2023-10-04,0.3199908833978823,0.31702724862875636
2023-10-05,0.3219754992640182,0.3184365001098723
2023-10-06,0.3071492054793857,0.3208151541764674
2023-10-09,0.3204578469251695,0.30616456164904937
2023-10-10,0.328162842542846,0.3197318942868643
2023-10-11,0.3290967695974205,0.3270923838157112
2023-10-12,0.322325728867872,0.3273355902034092
2023-10-13,0.3233763898458798,0.3204177628369711
2023-10-16,0.3259447309962899,0.32129489542315415
2023-10-17,0.3226759584717258,0.32441041456468245
2023-10-18,0.3189401945863209,0.3205774851217655
2023-10-19,0.3140370079659212,0.3176294571912889
2023-10-20,0.3129863191543598,0.3127466545298654
2023-10-23,0.3053980852936702,0.3115125048864939
2023-10-24,0.3076161690066729,0.30310887228764277
2023-10-25,0.3094840509493753,0.30662861465675373
2023-10-26,0.3083166282143805,0.3086534436336343
2023-10-27,0.3119356581763519,0.30606819579069133
2023-10-30,0.3071492054793857,0.31069769524410723
2023-10-31,0.316955578720185,0.30772299768228256
2023-11-01,0.3196406537940285,0.31551237896586
2023-11-02,0.3253610335455692,0.3177949297687303
2023-11-03,0.3244270786574412,0.32365492803498114
2023-11-06,0.3247773082612951,0.3227151751045119
2023-11-07,0.3310813854635565,0.3229257579068173
2023-11-08,0.3392533724420737,0.3299081922314632
2023-11-09,0.3350506450293817,0.33774171353054794
2023-11-10,0.3411212265512227,0.33335697338377385
2023-11-13,0.3536127026994191,0.3399896322086376
2023-11-14,0.3538461705462859,0.3522743573847242
2023-11-15,0.3506941319451552,0.351845687939637
2023-11-16,0.3574652005082573,0.34891083078596746
2023-11-17,0.3575819344316908,0.35629064320269416
2023-11-20,0.3581656040488579,0.3560786585600498
2023-11-21,0.3626018271419703,0.35714524654478974
2023-11-22,0.366804582388216,0.361825620031044
2023-11-23,0.3636525437870853,0.36606049370323196
2023-11-24,0.3642362134042524,0.3619277261394088
2023-11-27,0.3750933032901667,0.3631059766243696
2023-11-28,0.3815141144158615,0.37431031188051983
2023-11-29,0.3704235566830804,0.38040545910266266
2023-11-30,0.3733421274373442,0.3674061860887221
2023-12-01,0.3794127367927387,0.3717351167389098
2023-12-04,0.3775448826835898,0.3774799361138186
2023-12-05,0.3763774321150414,0.375412700948953
2023-12-06,0.367621775519357,0.37468592734836187
2023-12-07,0.3704235566830804,0.36519092796413954
2023-12-08,0.3696063635519394,0.36886635798404116
2023-12-11,0.3654036639728008,0.3677586847270491
2023-12-12,0.3657538657431011,0.36335009546439895
2023-12-13,0.3626018271419703,0.36473310435831496
2023-12-14,0.3574652005082573,0.3599887133536659
2023-12-15,0.355480556808568,0.3551006343833789
2023-12-18,0.3561810160162755,0.3540749282103324
2023-12-19,0.3508108658685887,0.3548602378784452
2023-12-20,0.35442989583056,0.3484227735914879
2023-12-21,0.3547800976008604,0.3532767353372722
2023-12-22,0.3550135654477272,0.3529453457788112
2023-12-27,0.3520950503605704,0.35296215215961224
2023-12-28,0.3540796383931527,0.34976047971093543
2023-12-29,0.3657538657431011,0.3522117213865192
2024-01-02,0.3595665224642731,0.364037075092864
2024-01-03,0.3677385094427904,0.3561806825366457
2024-01-04,0.3708905480439211,0.3662065242489818
2024-01-05,0.3760272303447412,0.36894563564608884
2024-01-08,0.3650534065353935,0.3740818852311363
2024-01-09,0.3643530029947929,0.36237315721842256
2024-01-10,0.3572316769942835,0.36250892728734974
2024-01-11,0.3576986683551242,0.3539710986337848
2024-01-12,0.3555972907320014,0.35565229306294005
2024-01-15,0.3491764796063066,0.35405212348553217
2024-01-16,0.3463746427754762,0.34764772129306776
2024-01-17,0.345790917491202,0.3455511866129366
2024-01-18,0.3406542630239355,0.34410991813311004
2024-01-19,0.3509275997920221,0.33807245628106675
2024-01-22,0.3487094882454658,0.34971787700579093
2024-01-23,0.3540796383931527,0.3466311731327198
2024-01-24,0.3461411749286093,0.3527259912375797
2024-01-25,0.3462579088520428,0.3436330137564856
2024-01-26,0.3475420933440245,0.34395166157012097
2024-01-29,0.3767276895524488,0.34520536453880557
2024-01-30,0.3803466638473132,0.37521268456012347
2024-01-31,0.3802299299238798,0.3772733279619052
2024-02-01,0.3970408395746481,0.37758368595699704
2024-02-02,0.395406453312366,0.3942085358517631
2024-02-05,0.4053295604765989,0.3914744932145002
2024-02-06,0.3984417579900633,0.4027820615466436
2024-02-07,0.4060300196843064,0.3958844754074165
2024-02-08,0.4081313973074292,0.40374371741611037
2024-02-09,0.4138517492254165,0.4061906653633837
2024-02-12,0.4152526676408317,0.4115783755311971
2024-02-13,0.4101159853400115,0.4129455573696942
2024-02-14,0.4017105305146275,0.40740556620542806
2024-02-15,0.4001928781757788,0.3986255998239671
2024-02-16,0.400776603460053,0.3977838726850808
2024-02-19,0.4049793030391915,0.3994534738558662
2024-02-20,0.416420062542273,0.4040616623590128
2024-02-21,0.4186381740888293,0.4154352925000814
2024-02-22,0.4243585816739234,0.4165267994872227
2024-02-23,0.4258762340127721,0.4224794194518343
2024-02-26,0.4208562856353855,0.42366866778376605
2024-02-27,0.4179377148811218,0.4179194762274465
2024-02-28,0.4101159853400115,0.4156388825374377
2024-02-29,0.4203893499416517,0.4072798984017071
2024-03-01,0.4234245989522419,0.41868609088033454
2024-03-04,0.427744088121921,0.4212394558577173
2024-03-05,0.4379006631330206,0.42563626055963577
2024-03-06,0.4487576973518279,0.4359920307287302
2024-03-07,0.4516762681060918,0.44643552878848725
2024-03-08,0.4538943796526479,0.44853098378560213
2024-03-11,0.4690125082458642,0.4517849251513496
2024-03-12,0.4733903922108134,0.4670521387259286
2024-03-13,0.468720645603727,0.4708054707401452
2024-03-14,0.4818541861643607,0.46547292822451347
2024-03-15,0.4801030659786453,0.47969938134684315
2024-03-18,0.4871076023886142,0.47637404308033815
2024-03-19,0.4882749972900554,0.48450453830481105
2024-03-20,0.5043271086049532,0.4854711268444033
2024-03-21,0.5101641944463737,0.5013629213355606
2024-03-22,0.507537486334247,0.5073282956238234
2024-03-25,0.5066619540749429,0.5048448074644982
2024-03-26,0.5104560570885108,0.504275763663004
2024-03-27,0.518336181424891,0.5082403290808568
2024-03-28,0.514250215769186,0.5158810542378968
2024-04-02,0.5189199067091652,0.5111854642839967
2024-04-03,0.5297185461327023,0.5165588767233507
2024-04-04,0.5162931985970385,0.5270552485796154
2024-04-05,0.4955713963421616,0.5123638921327175
2024-04-08,0.4856482891779288,0.49432358750752065
2024-04-09,0.4824379114486349,0.48259996456028553
2024-04-10,0.4646346799480219,0.47989241281359896
2024-04-11,0.4605487142923167,0.4623576536735254
2024-04-12,0.4675532507022856,0.46011098631639746
2024-04-15,0.4554120319914966,0.46739690495711994
2024-04-16,0.4704718214565496,0.45373865514686507
2024-04-17,0.4821460488064977,0.46953408117418816
2024-04-18,0.4695962335301384,0.4796489443153066
2024-04-19,0.4827297740907719,0.4675796313827601
2024-04-22,0.4961551216264357,0.47984777682481017
2024-04-23,0.489734310500741,0.49228488826375905
2024-04-24,0.4871076023886142,0.4843938113147036
2024-04-25,0.5151257480284901,0.482614230963623
2024-04-26,0.5101641944463737,0.5114797705865373
2024-04-29,0.4678451133444228,0.503166356461508
2024-04-30,0.4450219891335301,0.4589137820964688
2024-05-02,0.4488744869423686,0.4426744179845629
2024-05-03,0.4482907616580943,0.4465152995506772
2024-05-06,0.4690125082458642,0.44689266322629373
2024-05-07,0.4745577871122546,0.4683764784901955
2024-05-08,0.4342816888381564,0.4716146081663634
2024-05-09,0.4407024999638511,0.4331993979168289
2024-05-10,0.4415196930949921,0.43968434043957255
2024-05-13,0.4517930020295251,0.4393716258257796
2024-05-14,0.4693043708880012,0.45074222582023454
2024-05-15,0.4561124911992043,0.4678532657590519
2024-05-16,0.4587975941066012,0.4513100777634318
2024-05-17,0.4536609118057811,0.45600171428687125
2024-05-20,0.4568129504069119,0.44932210986205856
2024-05-21,0.4582138688223271,0.4531935626781104
2024-05-22,0.4596731263659054,0.4551977179410645
2024-05-23,0.4555287659149301,0.4561531011098444
2024-05-24,0.4564626929695045,0.4526168418849054
2024-05-27,0.4538943796526479,0.453145733379875
2024-05-28,0.4439712724884152,0.4505697711937897
2024-05-29,0.4558790233523374,0.440753518606543
2024-05-30,0.4541278474995149,0.45444119925056026
2024-05-31,0.4440880064118487,0.451206266902772
2024-06-03,0.4258762340127721,0.4395528234107184
2024-06-04,0.4313631180838924,0.42214036050197773
2024-06-05,0.4458391822646712,0.42970555278150935
2024-06-06,0.4514428002592249,0.4440915962615062
2024-06-07,0.4436210707181149,0.44949330562986384
2024-06-10,0.4335812296304488,0.4404395693493846
2024-06-11,0.4193386332965368,0.4293928276440373
2024-06-12,0.4060300196843064,0.41587301381881714
2024-06-13,0.4004264016897527,0.4032757815269378
2024-06-14,0.4035784402908834,0.39921657761506607
2024-06-17,0.4122173629631344,0.4020773236663558
2024-06-18,0.4138517492254165,0.4102450074423984
2024-06-19,0.4196888907339443,0.41162513188975325
2024-06-20,0.4103494531868785,0.41723788210072943
2024-06-21,0.4221404701273673,0.40614458807467513
2024-06-24,0.4156028694111319,0.4200459520049083
2024-06-25,0.4109331784711527,0.4112711841230359
2024-06-26,0.4132680239411423,0.4075225432722781
2024-06-27,0.4198056246573776,0.41075794936984716
2024-06-28,0.4284445473296286,0.41637421774397115
2024-07-01,0.4226074058211008,0.42409786894028256
2024-07-02,0.433931431400749,0.41896967294761356
2024-07-03,0.4346318906084566,0.43057670962837374
2024-07-04,0.4350988819692973,0.4305760749720607
2024-07-05,0.4327640364993078,0.43130338433908655
2024-07-08,0.4284445473296286,0.4299418585371505
2024-07-09,0.4379006631330206,0.42565014293299847
2024-07-10,0.4407024999638511,0.43575703342623573
2024-07-11,0.4451387230569636,0.43758372998560785
2024-07-12,0.4467731093192457,0.4426100788910548
2024-07-15,0.4389513797781355,0.44416955580667056
2024-07-16,0.4470065771661126,0.43527789647506043
2024-07-17,0.4545948388603556,0.44437090253040007
2024-07-18,0.4506256071280839,0.4513401047938405
2024-07-19,0.4625916971201693,0.44785291968849006
2024-07-22,0.4690125082458642,0.4603157726455665
2024-07-23,0.4634672850465807,0.46572939157627585
2024-07-24,0.4590894010816312,0.45922859973933167
2024-07-25,0.4596731263659054,0.456378453706761
2024-07-26,0.4593812637237683,0.45694704392577434
2024-07-29,0.4678451133444228,0.4556823303054646
2024-07-30,0.4403522981935507,0.4655913467024755
2024-07-31,0.4115169037554269,0.43660867028118394
2024-08-01,0.391904157273828,0.4088381831828762
2024-08-02,0.3813973804924281,0.39024217832674796
2024-08-05,0.3770778913227491,0.38306250410509385
2024-08-06,0.391086964142687,0.3764843204146623
2024-08-07,0.3885186508258305,0.3915431331136799
2024-08-08,0.3933050756892433,0.3883442653629221
2024-08-09,0.3948227280280919,0.3917914254729932
2024-08-12,0.3975078309354888,0.39259968169644177
2024-08-13,0.3968073717277813,0.3947653497873024
2024-08-14,0.4098825174931447,0.3938026811664654
2024-08-15,0.4128010882474086,0.4071492690314214
2024-08-16,0.4226074058211008,0.40941518748985584
2024-08-19,0.4188716976028032,0.4189156062972543
2024-08-20,0.4202725603511113,0.41387525653779783
2024-08-21,0.4195721011434037,0.41645884862903015
2024-08-22,0.4249422512910906,0.4158586043582401
2024-08-23,0.4235413885427825,0.4215271218659057
2024-08-26,0.4264599036299393,0.420545454403987
2024-08-27,0.4265766932204797,0.4244001314985925
2024-08-28,0.4291450065373363,0.42391497196081535
2024-08-29,0.4336979635538822,0.42712469409139825
2024-08-30,0.4314798520073259,0.43186218879287824
2024-09-02,0.4153694015642651,0.42882014289740145
2024-09-03,0.4019439983614944,0.4115637762525552
2024-09-04,0.4054462944000322,0.4006900883785975
2024-09-05,0.3941222688203843,0.40399627355985024
2024-09-06,0.4012435948208937,0.3919231081022265
2024-09-09,0.3947059941046585,0.4002147128082648
2024-09-10,0.3930716078423764,0.392445261299179
2024-09-11,0.4032281828534762,0.390380454564773
2024-09-12,0.41396848314885,0.40086607848500005
2024-09-13,0.4180544488045551,0.4117447447911748
2024-09-16,0.4231911311053751,0.4155898532499663
2024-09-17,0.4262264357830724,0.4202788762075985
2024-09-18,0.4443215299258226,0.42288085513509593
2024-09-19,0.4424536201495666,0.44067964854997993
2024-09-20,0.4424536201495666,0.4381499833041774
2024-09-23,0.4415196930949921,0.4389636808583252
2024-09-24,0.4380173970564541,0.4372568894572999
2024-09-25,0.4549450962977628,0.43451839533378805
2024-09-26,0.4538943796526479,0.45188866791481347
2024-09-27,0.4405857660404177,0.4508768057169049
2024-09-30,0.4167703199796803,0.4371188965448676
2024-10-01,0.4140852170722833,0.4118620130978471
2024-10-02,0.4187549080122627,0.41191642703752995
2024-10-03,0.4314798520073259,0.4176122157051977
2024-10-04,0.4373169935158535,0.4304669241839662
2024-10-07,0.4174707791873879,0.4351943353852721
2024-10-08,0.4151359337173982,0.41611855321325375
2024-10-09,0.4126842986568681,0.41282635414468277
2024-10-10,0.4160698607719728,0.4095642054952656
2024-10-11,0.4226074058211008,0.4139509151290548
2024-10-14,0.425059040881631,0.420994042022132
2024-10-15,0.4160698607719728,0.42216468339248664
2024-10-16,0.4050960926297322,0.4123791457413539
2024-10-17,0.4161865946954061,0.40043662855993944
2024-10-18,0.4035784402908834,0.4134852461670076
2024-10-21,0.4075476720231551,0.4003204272532566
2024-10-22,0.4083648651542962,0.4053894907833484
2024-10-23,0.4010100713069198,0.40606206364913505
2024-10-24,0.4017105305146275,0.3976749603553386
2024-10-25,0.402644457569202,0.3993506358279778
2024-10-28,0.4003096120992123,0.3994922294835381
2024-10-29,0.4047458351923247,0.39705820184193147
2024-10-30,0.4080146077168887,0.40302008003709616
2024-10-31,0.4235413885427825,0.40625158959789937
2024-11-01,0.4314798520073259,0.4213172938509238
2024-11-04,0.4346318906084566,0.4284718688219685
2024-11-05,0.3975078309354888,0.43137344895177276
2024-11-06,0.4192218993731035,0.39259879726053787
2024-11-07,0.4052128265531654,0.4162368725992732
2024-11-08,0.4064969553780402,0.401338251274633
2024-11-11,0.3942390027438178,0.40371337822524417
2024-11-12,0.3921376807878019,0.3924751398749709
2024-11-13,0.4042788994985911,0.38986902163556314
2024-11-14,0.4212065430727927,0.40243397413998533
2024-11-15,0.4242418477504899,0.41956104502085656
2024-11-18,0.4184047062419624,0.42191103346659997
2024-11-19,0.4126842986568681,0.41483369221867805
2024-11-20,0.4140852170722833,0.4080966745921579
2024-11-21,0.4091820582854371,0.41090827570821825
2024-11-22,0.41396848314885,0.40511682227721135
2024-11-25,0.3961069125200736,0.41090554688138187
2024-11-26,0.3872344663338488,0.3935665921601414
2024-11-27,0.3916706894269612,0.38428852108560513
2024-11-28,0.3955231872357995,0.38846833477750325
2024-11-29,0.3978580327057892,0.3933843402877099
2024-12-02,0.4080146077168887,0.3966484822471638
2024-12-03,0.4133847578645758,0.4063334345543474
2024-12-04,0.4361495429473052,0.41066528782475825
2024-12-05,0.4315965859307594,0.4339371703407504
2024-12-06,0.4332309721930414,0.42774190476119567
2024-12-09,0.4338146974773156,0.4297220352797729
2024-12-10,0.4289115386904693,0.43065116904731565
2024-12-11,0.4381341866469946,0.42464871824834494
2024-12-12,0.4403522981935507,0.4351212055519699
2024-12-13,0.4440880064118487,0.43685152775134367
2024-12-16,0.429611997898177,0.4409841430688993
2024-12-17,0.4319468433681666,0.4253613767442325
2024-12-18,0.4210897534822523,0.42904497149135534
2024-12-19,0.4168870539031138,0.4188657173711415
2024-12-20,0.4167703199796803,0.41534988570246084
2024-12-23,0.414785676279991,0.41512271677523765
2024-12-24,0.4217902126899599,0.4131800207012031
2024-12-27,0.4208562856353855,0.42069286856330795
2024-12-30,0.4256427104987982,0.4194185218038763
2024-12-31,0.4166535860562468,0.42355091012045376
2025-01-02,0.4178209809576883,0.4125571091671067
2025-01-03,0.4426871436635405,0.4150072565135354
2025-01-06,0.4502753496906765,0.44025689973537435
2025-01-07,0.4519097916200656,0.4464724153793188
2025-01-08,0.4572799417677526,0.44794651054222157
2025-01-09,0.4538943796526479,0.45451965947818784
2025-01-10,0.4719310790001279,0.44906187690437177
2025-01-13,0.4777682205086556,0.46850161471506396
2025-01-14,0.4815623235222236,0.47328122340686607
2025-01-15,0.4768926325822445,0.4778250220720452
2025-01-16,0.4771844952243815,0.47198732019772693
2025-01-17,0.4824379114486349,0.47255217955068246
2025-01-20,0.4833134437079392,0.47880292151646675
2025-01-21,0.4783518901258227,0.481048619688848
2025-01-22,0.4946958640828574,0.4745609594433672
2025-01-23,0.4996574176649738,0.4923221034031854
2025-01-24,0.5034515206785419,0.49579828078152527
2025-01-27,0.5124990399163634,0.5012166475233955
2025-01-28,0.5197954389684696,0.5097828269023243
2025-01-29,0.5285511512312611,0.5164102486788378
2025-01-30,0.5189199067091652,0.5230478449351605
2025-01-31,0.5011166752085523,0.5136064390545716
2025-02-03,0.5160013359549014,0.49969016651617787
2025-02-04,0.517752456140617,0.5123600086194585
2025-02-05,0.553067056499706,0.5135851407349401
2025-02-06,0.5539425887590101,0.5495517423454934
2025-02-07,0.5454787948054629,0.549162044670896
2025-02-10,0.5571530221554113,0.5401182720280954
2025-02-11,0.5720376829017604,0.553113090695223
2025-02-12,0.5717458202596233,0.5665111421367093
2025-02-13,0.5772910991260138,0.5668258252519097
2025-02-14,0.5857548930795613,0.5740565779567129
2025-02-17,0.6006395538259104,0.5817201598608109
2025-02-18,0.581668927423856,0.5956587061674321
2025-02-19,0.5842956355359827,0.5743143707854612
2025-02-20,0.5913001719459519,0.5800917120343245
2025-02-21,0.5980128457137837,0.5873393224220822
2025-02-24,0.6079359528780164,0.5935170440145177
2025-02-25,0.6289496177750304,0.6042394370477644
2025-02-26,0.6263229096629037,0.6248534255417653
2025-02-27,0.6225287509822286,0.6207464341031624
2025-02-28,0.6286577551328933,0.6184605546552568
2025-03-03,0.5889653264759622,0.6238443610438689
2025-03-04,0.6234043389086399,0.5821251241284453
2025-03-05,0.6403319824828417,0.6187592418664029
2025-03-06,0.6420831026685572,0.6341088824973418
2025-03-07,0.6187346479686606,0.6374479995553202
2025-03-10,0.6056011074080268,0.6119473176491191
2025-03-11,0.6254473217364924,0.5988967264012631
2025-03-12,0.6193183732529348,0.6203837717442648
2025-03-13,0.6432505532371053,0.6146677278188973
2025-03-14,0.648795776436389,0.6401806737109792
2025-03-17,0.6668908705791392,0.6441201960702981
2025-03-18,0.6587188836006219,0.6609315627625825
2025-03-19,0.6374134117285779,0.6537077189788647
2025-03-20,0.6371215490864408,0.6289603700820685
2025-03-21,0.6406238451249788,0.6329413514162001
2025-03-24,0.6584270209584848,0.634003343025223
2025-03-25,0.6517143471906528,0.6537724066938261
2025-03-26,0.641499377384283,0.6457732290932321
2025-03-27,0.6166916651408081,0.6374656250535725
2025-03-28,0.606184832692301,0.6119169003411209
2025-03-31,0.6184427853265235,0.6026775678712163
2025-04-01,0.616983472115838,0.6153678834793525
2025-04-02,0.6056011074080268,0.6143993728113054
2025-04-03,0.5370149451848083,0.6041791295055124
2025-04-04,0.5049108338892274,0.530589210218176
2025-04-07,0.5054945035063945,0.5071078563880579
2025-04-08,0.4984899670964255,0.5060746374716288
2025-04-09,0.5381823957533567,0.5014611607996006
2025-04-10,0.532345254244829,0.5300769606738073
2025-04-11,0.5542344514011472,0.5288273903692651
2025-04-14,0.5691191121474966,0.5492594183165247
2025-04-15,0.5714539576174862,0.563964800707872
2025-04-16,0.5664924040353698,0.5657023475146563
2025-04-17,0.5694109747896337,0.5601812427980212
2025-04-22,0.5950942749595198,0.5646179396461256
2025-04-23,0.5889653264759622,0.588291339392181
2025-04-24,0.6009314164680477,0.5818529798706968
2025-04-25,0.6091034034465648,0.5936891473410649
2025-04-28,0.5942187427002157,0.6020756281766694
2025-04-29,0.577874824410288,0.5837236172189402
2025-04-30,0.5872142062902466,0.5695281305628578
2025-05-02,0.6000558285416362,0.5812145351700002
2025-05-05,0.6044337125065855,0.5967388072254913
2025-05-06,0.606476695334438,0.6008548348715147
2025-05-07,0.6213613560807871,0.603243710796126
2025-05-08,0.6219450256979544,0.617203237898255
2025-05-09,0.6353704289007251,0.6160187163582487
2025-05-12,0.6461690683242622,0.629660296317576
2025-05-13,0.6563840381306323,0.6411764295759025
2025-05-14,0.6528817977592012,0.6504589042783704
2025-05-15,0.656092175488495,0.6471761213090286
2025-05-16,0.6598863341691703,0.6500712962787444
2025-05-19,0.6776895656697832,0.6535052575703363
2025-05-20,0.6733116817048341,0.6718094079269409
2025-05-21,0.6724361494455298,0.6669641203457364
2025-05-22,0.6482121068192219,0.6668088677217124
2025-05-23,0.6581352139834546,0.6396111858303577
2025-05-26,0.6645560251091494,0.6509725444848317
2025-05-27,0.6467527936085364,0.6603261245654378
2025-05-28,0.6473365188928106,0.640544144982921
2025-05-29,0.645001673422821,0.6418725366335823
2025-05-30,0.6455853987070952,0.6402036215022614
2025-06-02,0.6423749653106943,0.6411727901229444
2025-06-03,0.6397482571985675,0.6373587533008653
2025-06-04,0.6444179481385468,0.6342324241248152
2025-06-05,0.6467527936085364,0.6409313045312192
2025-06-06,0.6473365188928106,0.6416635055874483
2025-06-09,0.6435424158792427,0.6423324712146812
2025-06-10,0.6476283815349477,0.6381469228600877
2025-06-11,0.6452935360649581,0.6420271660405326
2025-06-12,0.6301170126764719,0.6403647692781395
2025-06-13,0.645001673422821,0.6253980122374685
2025-06-16,0.6356622915428622,0.6402405804500189
2025-06-17,0.6371215490864408,0.6297590090149093
2025-06-18,0.6234043389086399,0.6326652288716287
2025-06-19,0.627490304564345,0.6184486524510988
2025-06-20,0.6204857681543761,0.6230256333647771
2025-06-23,0.6394563945564304,0.6157396870286196
2025-06-24,0.6158160772143968,0.6334040797716118
2025-06-25,0.6187346479686606,0.6083164402633094
2025-06-26,0.6333274460728726,0.6143382711437302
2025-06-27,0.6359541541849993,0.6287082559977337
2025-06-30,0.6239880641929141,0.6295417085322798
2025-07-01,0.6347867036164512,0.6183608555899441
2025-07-02,0.6476283815349477,0.6296055682379376
2025-07-03,0.6277821672064821,0.6421740992199851
2025-07-04,0.641499377384283,0.6207604765279943
2025-07-07,0.6540491926606427,0.6377034163886174
2025-07-08,0.6677664585055505,0.6480208975234564
2025-07-09,0.6531736604013385,0.6614406220178697
2025-07-10,0.6289496177750304,0.6459238809116851
2025-07-11,0.6327437207885984,0.6224194815066839
2025-07-14,0.6178590600422493,0.6294454126106596
2025-07-15,0.6149404892879855,0.6113430682963751
2025-07-16,0.6193183732529348,0.6118343259919022
2025-07-17,0.6187346479686606,0.6158526339371011
2025-07-18,0.6131893691022701,0.6141854323999331
2025-07-21,0.6108545236322802,0.6093867659364538
2025-07-22,0.6239880641929141,0.606966745587278
2025-07-23,0.6324518581464615,0.6191754718894378
2025-07-24,0.6344948409743141,0.6269253273364362
2025-07-25,0.6432505532371053,0.6294923034385947
2025-07-28,0.6619293169970228,0.6364799157439542
2025-07-29,0.6654316130355609,0.6564063666609673
2025-07-30,0.7284724963923888,0.6586383512861242
2025-07-31,0.7118366597932169,0.7202557069514247
2025-08-01,0.7378118782723473,0.7011977168655297
2025-08-04,0.7454001399665904,0.7297115722234752
2025-08-05,0.7634951784422335,0.7360427504486124
2025-08-06,0.7783798391885828,0.7542802002992651
2025-08-07,0.8043550020006061,0.7691929322486728
2025-08-08,0.8113595384105752,0.7962649404122468
2025-08-11,0.7938482252192061,0.8022762615908935
2025-08-12,0.8093165555827226,0.7834568904630809
2025-08-13,0.8279953193426399,0.8015912365056728
2025-08-14,0.8358754436790201,0.8201908520143162
2025-08-15,0.8288709629361581,0.8254393960064557
2025-08-18,0.8312057527390408,0.8216438035379795
2025-08-19,0.8224500961433563,0.8240368559433165
2025-08-20,0.8320813963325591,0.8150900342781864
2025-08-21,0.8344161861354416,0.8259605543458284
2025-08-22,0.8163211476597985,0.8283900123706881
2025-08-25,0.7988097788013226,0.8094712457498553
2025-08-26,0.7804228220164353,0.7934640120598486
2025-08-27,0.7818821352271206,0.7733347925476352
2025-08-28,0.7780879765464457,0.7772655604324799
2025-08-29,0.7845088433392475,0.7737353521367483
2025-09-01,0.7751694057921819,0.7801335123203181
2025-09-02,0.7745857361750146,0.7689213169359981
2025-09-03,0.7967667959734701,0.7689554528233437
2025-09-04,0.7848006503142775,0.7910192642839323
2025-09-05,0.7944319505034803,0.7756247563476626
2025-09-08,0.8040631950255761,0.7885711111266369
2025-09-09,0.8166129546348286,0.7967478146619723
2025-09-10,0.8201151950062595,0.8085983374663005
2025-09-11,0.8204071133155038,0.8121394011088334
2025-09-12,0.8288709629361581,0.8125694949702919
2025-09-15,0.8186559374626812,0.8209206496321829
2025-09-16,0.811067731435545,0.810291157003143
2025-09-17,0.8206989202905337,0.8026006383804656
2025-09-18,0.8317894780233148,0.813706333246942
2025-09-19,0.8063980404955657,0.8247410933442689
2025-09-22,0.818072212178407,0.798171658926756
2025-09-23,0.8303302204797365,0.811995196946501
2025-09-24,0.8139862465227019,0.8241835348429527
2025-09-25,0.8349999114197157,0.8059847985352674
2025-09-26,0.8218663708590821,0.8298499467859293
2025-09-29,0.8277035123676098,0.8139091174443629
2025-09-30,0.8297464951954623,0.821192522071054
2025-10-01,0.8271197870833356,0.8230969599347207
2025-10-02,0.832373203307589,0.8186916199373948
2025-10-03,0.818072212178407,0.8253271319613573
2025-10-06,0.811067731435545,0.8103987374847486
2025-10-07,0.8288709629361581,0.8045842118784977
2025-10-08,0.8116514567198192,0.8232187080844956
2025-10-09,0.7955993454049217,0.8029180887666789
2025-10-10,0.800269036344901,0.7886875595381061
2025-10-13,0.8069817101127328,0.7952860546270997
2025-10-14,0.7953074827627846,0.8015919971515335
2025-10-15,0.7912215171070793,0.7883286516379544
2025-10-16,0.8460904691524971,0.7859307624570776
2025-10-17,0.8834479966723316,0.8336685798106939
2025-10-20,0.8700226491366678,0.8739732197744102
2025-10-21,0.8662284904559927,0.8594567262765882
2025-10-22,0.8638935893188959,0.8587637887803065
2025-10-23,0.860391348947465,0.8541461876507294
2025-10-24,0.877902773473048,0.8504132232770737
2025-10-27,0.8773190481887738,0.8701530502378982
2025-10-28,0.9000837776043964,0.870744331467719
2025-10-29,0.8825724644130273,0.8927732657356655
